010001,2010-01-02,11,13,22,16,21,18,+,06,11,13,16,18,21,22,+,06
010002,2010-01-05,22,28,16,05,14,26,+,27,05,14,16,22,26,28,+,27
010003,2010-01-07,05,14,45,48,16,25,+,42,05,14,16,25,45,48,+,42
010004,2010-01-09,45,08,16,40,04,39,+,10,04,08,16,39,40,45,+,10
010005,2010-01-12,29,09,30,23,25,48,+,01,09,23,25,29,30,48,+,01
010006,2010-01-14,26,48,38,27,21,35,+,41,21,26,27,35,38,48,+,41
010007,2010-01-17,05,19,35,18,45,28,+,27,05,18,19,28,35,45,+,27
010008,2010-01-19,09,02,03,41,24,33,+,40,02,03,09,24,33,41,+,40
010009,2010-01-21,48,07,06,24,17,41,+,16,06,07,17,24,41,48,+,16
010010,2010-01-23,46,18,19,39,26,34,+,02,18,19,26,34,39,46,+,02
010011,2010-01-26,09,08,38,17,37,31,+,02,08,09,17,31,37,38,+,02
010012,2010-01-28,03,43,46,15,32,09,+,28,03,09,15,32,43,46,+,28
010013,2010-01-30,06,32,30,34,02,04,+,40,02,04,06,30,32,34,+,40
010014,2010-02-02,10,38,01,13,14,39,+,41,01,10,13,14,38,39,+,41
010015,2010-02-04,25,09,42,47,20,36,+,13,09,20,25,36,42,47,+,13
010016,2010-02-06,41,24,16,05,01,13,+,14,01,05,13,16,24,41,+,14
010017,2010-02-09,10,14,13,49,04,08,+,07,04,08,10,13,14,49,+,07
010018,2010-02-11,36,35,24,27,21,32,+,16,21,24,27,32,35,36,+,16
010019,2010-02-14,29,27,05,26,21,28,+,44,05,21,26,27,28,29,+,44
010020,2010-02-16,20,17,01,49,07,29,+,19,01,07,17,20,29,49,+,19
010021,2010-02-18,32,11,28,07,05,04,+,03,04,05,07,11,28,32,+,03
010022,2010-02-20,04,32,03,45,11,15,+,01,03,04,11,15,32,45,+,01
010023,2010-02-23,08,19,43,44,48,49,+,46,08,19,43,44,48,49,+,46
010024,2010-02-25,47,37,11,44,20,31,+,46,11,20,31,37,44,47,+,46
010025,2010-02-27,25,17,36,22,16,18,+,47,16,17,18,22,25,36,+,47
010026,2010-03-02,06,28,10,01,21,35,+,46,01,06,10,21,28,35,+,46
010027,2010-03-04,24,11,10,33,34,38,+,16,10,11,24,33,34,38,+,16
010028,2010-03-07,28,12,46,31,03,26,+,16,03,12,26,28,31,46,+,16
010029,2010-03-09,17,28,09,45,13,14,+,20,09,13,14,17,28,45,+,20
010030,2010-03-11,14,40,10,35,48,43,+,21,10,14,35,40,43,48,+,21
010031,2010-03-13,39,22,04,01,14,18,+,48,01,04,14,18,22,39,+,48
010032,2010-03-16,16,04,37,47,28,38,+,30,04,16,28,37,38,47,+,30
010033,2010-03-18,39,19,37,04,41,30,+,31,04,19,30,37,39,41,+,31
010034,2010-03-20,45,12,39,08,29,33,+,36,08,12,29,33,39,45,+,36
010035,2010-03-23,46,11,32,07,22,27,+,17,07,11,22,27,32,46,+,17
010036,2010-03-25,16,47,29,44,14,45,+,42,14,16,29,44,45,47,+,42
010037,2010-03-27,01,44,22,36,03,08,+,29,01,03,08,22,36,44,+,29
010038,2010-03-30,29,31,40,02,48,22,+,20,02,22,29,31,40,48,+,20
010039,2010-04-01,42,20,31,43,23,21,+,41,20,21,23,31,42,43,+,41
010040,2010-04-03,43,37,40,35,11,23,+,30,11,23,35,37,40,43,+,30
010041,2010-04-06,42,35,20,25,45,11,+,08,11,20,25,35,42,45,+,08
010042,2010-04-08,03,30,33,37,25,05,+,35,03,05,25,30,33,37,+,35
010043,2010-04-11,36,38,07,41,02,20,+,40,02,07,20,36,38,41,+,40
010044,2010-04-13,32,42,46,37,33,31,+,17,31,32,33,37,42,46,+,17
010045,2010-04-15,36,21,37,35,19,30,+,33,19,21,30,35,36,37,+,33
010046,2010-04-17,38,02,49,42,01,24,+,19,01,02,24,38,42,49,+,19
010047,2010-04-20,27,06,35,17,25,40,+,32,06,17,25,27,35,40,+,32
010048,2010-04-22,29,01,39,16,23,46,+,17,01,16,23,29,39,46,+,17
010049,2010-04-24,23,12,05,39,29,16,+,11,05,12,16,23,29,39,+,11
010050,2010-04-27,03,21,33,22,18,13,+,08,03,13,18,21,22,33,+,08
010051,2010-04-29,05,24,41,07,26,49,+,03,05,07,24,26,41,49,+,03
010052,2010-05-02,26,41,28,16,44,07,+,24,07,16,26,28,41,44,+,24
010053,2010-05-04,19,41,40,34,46,24,+,15,19,24,34,40,41,46,+,15
010054,2010-05-06,37,40,31,02,39,38,+,44,02,31,37,38,39,40,+,44
010055,2010-05-09,01,27,34,08,21,05,+,20,01,05,08,21,27,34,+,20
010056,2010-05-11,40,35,34,15,29,26,+,09,15,26,29,34,35,40,+,09
010057,2010-05-13,22,49,39,37,31,16,+,32,16,22,31,37,39,49,+,32
010058,2010-05-15,44,39,32,47,29,01,+,17,01,29,32,39,44,47,+,17
010059,2010-05-18,07,48,12,20,04,39,+,14,04,07,12,20,39,48,+,14
010060,2010-05-20,22,37,11,10,04,15,+,49,04,10,11,15,22,37,+,49
010061,2010-05-22,12,26,29,18,33,17,+,41,12,17,18,26,29,33,+,41
010062,2010-05-25,14,40,43,30,18,46,+,27,14,18,30,40,43,46,+,27
010063,2010-05-27,28,49,09,22,32,33,+,18,09,22,28,32,33,49,+,18
010064,2010-05-29,16,26,04,25,33,42,+,30,04,16,25,26,33,42,+,30
010065,2010-06-01,24,11,07,46,28,13,+,26,07,11,13,24,28,46,+,26
010066,2010-06-03,42,19,44,16,26,05,+,06,05,16,19,26,42,44,+,06
010067,2010-06-05,15,37,38,40,30,09,+,01,09,15,30,37,38,40,+,01
010068,2010-06-08,08,07,23,47,21,12,+,10,07,08,12,21,23,47,+,10
010069,2010-06-10,49,26,36,08,32,35,+,24,08,26,32,35,36,49,+,24
010070,2010-06-13,21,20,02,40,19,11,+,43,02,11,19,20,21,40,+,43
010071,2010-06-15,05,21,18,49,35,10,+,11,05,10,18,21,35,49,+,11
010072,2010-06-17,45,48,11,42,15,05,+,14,05,11,15,42,45,48,+,14
010073,2010-06-19,12,08,27,13,35,02,+,37,02,08,12,13,27,35,+,37
010074,2010-06-22,04,09,20,02,35,40,+,44,02,04,09,20,35,40,+,44
010075,2010-06-24,23,34,05,26,49,31,+,24,05,23,26,31,34,49,+,24
010076,2010-06-26,20,07,15,41,13,21,+,02,07,13,15,20,21,41,+,02
010077,2010-06-29,21,11,41,48,08,38,+,49,08,11,21,38,41,48,+,49
010078,2010-07-03,02,49,14,13,45,21,+,19,02,13,14,21,45,49,+,19
010079,2010-07-06,42,21,14,17,46,29,+,49,14,17,21,29,42,46,+,49
010080,2010-07-08,40,04,47,16,46,43,+,27,04,16,40,43,46,47,+,27
010081,2010-07-10,02,42,25,27,22,35,+,13,02,22,25,27,35,42,+,13
010082,2010-07-13,05,25,48,43,02,03,+,24,02,03,05,25,43,48,+,24
010083,2010-07-15,02,16,41,10,44,18,+,31,02,10,16,18,41,44,+,31
010084,2010-07-17,07,34,12,40,48,30,+,33,07,12,30,34,40,48,+,33
010085,2010-07-20,26,47,13,29,05,40,+,42,05,13,26,29,40,47,+,42
010086,2010-07-24,42,33,15,06,25,22,+,24,06,15,22,25,33,42,+,24
010087,2010-07-27,04,17,43,28,23,46,+,22,04,17,23,28,43,46,+,22
010088,2010-07-29,12,38,41,49,13,44,+,22,12,13,38,41,44,49,+,22
010089,2010-07-31,37,33,28,29,35,12,+,22,12,28,29,33,35,37,+,22
010090,2010-08-03,17,09,35,31,26,36,+,42,09,17,26,31,35,36,+,42
010091,2010-08-05,08,46,42,49,30,48,+,07,08,30,42,46,48,49,+,07
010092,2010-08-07,46,45,34,18,41,03,+,37,03,18,34,41,45,46,+,37
010093,2010-08-10,39,20,12,30,05,08,+,23,05,08,12,20,30,39,+,23
010094,2010-08-12,29,17,42,06,48,33,+,34,06,17,29,33,42,48,+,34
010095,2010-08-14,38,17,34,46,06,12,+,43,06,12,17,34,38,46,+,43
010096,2010-08-17,25,02,35,08,05,22,+,16,02,05,08,22,25,35,+,16
010097,2010-08-19,08,43,48,12,30,46,+,35,08,12,30,43,46,48,+,35
010098,2010-08-21,49,34,40,21,37,18,+,28,18,21,34,37,40,49,+,28
010099,2010-08-24,11,09,37,06,25,16,+,45,06,09,11,16,25,37,+,45
010100,2010-08-26,10,09,01,36,07,44,+,37,01,07,09,10,36,44,+,37
010101,2010-08-28,03,01,06,07,49,36,+,42,01,03,06,07,36,49,+,42
010102,2010-08-30,46,06,39,49,40,16,+,41,06,16,39,40,46,49,+,41
010103,2010-09-02,11,48,07,23,03,20,+,38,03,07,11,20,23,48,+,38
010104,2010-09-04,17,25,34,43,19,45,+,47,17,19,25,34,43,45,+,47
010105,2010-09-07,02,03,16,42,43,45,+,27,02,03,16,42,43,45,+,27
010106,2010-09-09,19,34,37,04,02,41,+,05,02,04,19,34,37,41,+,05
010107,2010-09-11,35,36,24,39,10,20,+,12,10,20,24,35,36,39,+,12
010108,2010-09-14,03,22,39,04,07,30,+,06,03,04,07,22,30,39,+,06
010109,2010-09-16,08,47,49,05,46,31,+,34,05,08,31,46,47,49,+,34
010110,2010-09-19,40,26,33,19,12,17,+,25,12,17,19,26,33,40,+,25
010111,2010-09-21,35,23,48,36,13,10,+,47,10,13,23,35,36,48,+,47
010112,2010-09-25,39,23,30,37,16,43,+,05,16,23,30,37,39,43,+,05
010113,2010-09-28,49,42,31,30,45,07,+,46,07,30,31,42,45,49,+,46
010114,2010-09-30,26,18,22,21,29,09,+,27,09,18,21,22,26,29,+,27
010115,2010-10-02,16,36,27,21,07,17,+,06,07,16,17,21,27,36,+,06
010116,2010-10-05,29,16,08,31,05,06,+,12,05,06,08,16,29,31,+,12
010117,2010-10-07,21,15,14,22,40,32,+,02,14,15,21,22,32,40,+,02
010118,2010-10-09,22,37,45,44,41,42,+,27,22,37,41,42,44,45,+,27
010119,2010-10-12,24,13,38,46,21,09,+,27,09,13,21,24,38,46,+,27
010120,2010-10-14,47,10,26,42,07,04,+,13,04,07,10,26,42,47,+,13
010121,2010-10-16,30,45,01,44,49,29,+,41,01,29,30,44,45,49,+,41
010122,2010-10-19,38,29,43,20,02,39,+,37,02,20,29,38,39,43,+,37
010123,2010-10-21,09,35,46,04,23,49,+,18,04,09,23,35,46,49,+,18
010124,2010-10-23,28,33,42,01,41,45,+,08,01,28,33,41,42,45,+,08
010125,2010-10-26,14,33,41,20,03,08,+,32,03,08,14,20,33,41,+,32
010126,2010-10-28,08,47,31,36,17,09,+,46,08,09,17,31,36,47,+,46
010127,2010-10-30,24,12,07,49,08,30,+,27,07,08,12,24,30,49,+,27
010128,2010-11-02,36,17,24,05,45,25,+,15,05,17,24,25,36,45,+,15
010129,2010-11-04,27,25,09,05,44,33,+,17,05,09,25,27,33,44,+,17
010130,2010-11-09,41,45,43,49,15,04,+,18,04,15,41,43,45,49,+,18
010131,2010-11-11,15,43,05,29,06,28,+,48,05,06,15,28,29,43,+,48
010132,2010-11-13,21,28,48,47,07,18,+,35,07,18,21,28,47,48,+,35
010133,2010-11-16,46,03,39,49,12,20,+,19,03,12,20,39,46,49,+,19
010134,2010-11-18,30,06,47,20,33,39,+,23,06,20,30,33,39,47,+,23
010135,2010-11-20,06,30,09,33,03,29,+,14,03,06,09,29,30,33,+,14
010136,2010-11-23,30,10,24,11,01,49,+,35,01,10,11,24,30,49,+,35
010137,2010-11-25,28,39,22,45,17,31,+,08,17,22,28,31,39,45,+,08
010138,2010-11-27,26,44,13,43,17,25,+,42,13,17,25,26,43,44,+,42
010139,2010-11-30,16,19,45,03,48,14,+,09,03,14,16,19,45,48,+,09
010140,2010-12-02,11,06,17,40,41,31,+,34,06,11,17,31,40,41,+,34
010141,2010-12-05,10,20,46,47,09,42,+,27,09,10,20,42,46,47,+,27
010142,2010-12-07,28,12,13,20,18,48,+,14,12,13,18,20,28,48,+,14
010143,2010-12-09,04,20,10,33,36,25,+,37,04,10,20,25,33,36,+,37
010144,2010-12-11,27,15,24,30,18,22,+,10,15,18,22,24,27,30,+,10
010145,2010-12-14,29,28,07,48,03,38,+,40,03,07,28,29,38,48,+,40
010146,2010-12-16,18,13,29,19,12,27,+,10,12,13,18,19,27,29,+,10
010147,2010-12-18,45,15,39,19,34,44,+,23,15,19,34,39,44,45,+,23
010148,2010-12-20,04,41,12,18,16,05,+,07,04,05,12,16,18,41,+,07
010149,2010-12-22,04,03,35,41,24,15,+,36,03,04,15,24,35,41,+,36
010150,2010-12-25,04,43,01,13,02,48,+,11,01,02,04,13,43,48,+,11
010151,2010-12-28,08,36,28,37,23,31,+,12,08,23,28,31,36,37,+,12
010152,2010-12-30,13,04,18,39,36,20,+,12,04,13,18,20,36,39,+,12
011001,2011-01-02,01,13,20,24,37,39,+,03,01,13,20,24,37,39,+,03
011002,2011-01-04,20,39,16,09,38,04,+,40,04,09,16,20,38,39,+,40
011003,2011-01-06,07,26,04,15,14,19,+,43,04,07,14,15,19,26,+,43
011004,2011-01-08,12,27,21,33,10,18,+,04,10,12,18,21,27,33,+,04
011005,2011-01-11,29,42,48,01,02,37,+,38,01,02,29,37,42,48,+,38
011006,2011-01-13,17,25,19,36,44,40,+,10,17,19,25,36,40,44,+,10
011007,2011-01-15,31,18,32,46,13,29,+,02,13,18,29,31,32,46,+,02
011008,2011-01-18,41,15,09,21,33,31,+,37,09,15,21,31,33,41,+,37
011009,2011-01-20,28,42,37,21,30,05,+,48,05,21,28,30,37,42,+,48
011010,2011-01-22,15,49,45,39,01,30,+,37,01,15,30,39,45,49,+,37
011011,2011-01-25,16,17,26,09,21,14,+,20,09,14,16,17,21,26,+,20
011012,2011-01-27,06,25,35,14,29,01,+,48,01,06,14,25,29,35,+,48
011013,2011-01-29,09,10,08,29,49,05,+,46,05,08,09,10,29,49,+,46
011014,2011-02-01,46,32,08,22,48,01,+,09,01,08,22,32,46,48,+,09
011015,2011-02-04,28,36,37,08,10,06,+,21,06,08,10,28,36,37,+,21
011016,2011-02-05,31,01,16,27,47,02,+,19,01,02,16,27,31,47,+,19
011017,2011-02-08,28,21,32,34,11,27,+,17,11,21,27,28,32,34,+,17
011018,2011-02-10,36,09,20,18,03,02,+,12,02,03,09,18,20,36,+,12
011019,2011-02-13,10,37,20,47,24,13,+,16,10,13,20,24,37,47,+,16
011020,2011-02-15,38,16,41,17,27,18,+,30,16,17,18,27,38,41,+,30
011021,2011-02-17,30,24,25,35,09,37,+,45,09,24,25,30,35,37,+,45
011022,2011-02-19,16,13,42,18,23,34,+,40,13,16,18,23,34,42,+,40
011023,2011-02-22,03,21,28,22,08,48,+,05,03,08,21,22,28,48,+,05
011024,2011-02-24,30,26,07,29,41,27,+,44,07,26,27,29,30,41,+,44
011025,2011-02-27,47,24,01,37,33,28,+,49,01,24,28,33,37,47,+,49
011026,2011-03-01,45,04,30,43,41,25,+,29,04,25,30,41,43,45,+,29
011027,2011-03-03,33,09,08,49,13,17,+,30,08,09,13,17,33,49,+,30
011028,2011-03-05,34,29,02,25,16,07,+,10,02,07,16,25,29,34,+,10
011029,2011-03-08,37,33,23,04,47,15,+,22,04,15,23,33,37,47,+,22
011030,2011-03-10,06,21,49,02,45,46,+,28,02,06,21,45,46,49,+,28
011031,2011-03-13,14,06,43,27,26,30,+,21,06,14,26,27,30,43,+,21
011032,2011-03-15,15,16,11,04,35,42,+,09,04,11,15,16,35,42,+,09
011033,2011-03-17,05,31,04,23,48,39,+,20,04,05,23,31,39,48,+,20
011034,2011-03-19,41,33,31,24,08,12,+,20,08,12,24,31,33,41,+,20
011035,2011-03-22,24,45,18,34,38,26,+,15,18,24,26,34,38,45,+,15
011036,2011-03-24,17,16,10,42,43,38,+,13,10,16,17,38,42,43,+,13
011037,2011-03-26,02,20,47,31,12,25,+,29,02,12,20,25,31,47,+,29
011038,2011-03-29,20,49,09,02,24,01,+,43,01,02,09,20,24,49,+,43
011039,2011-03-31,38,24,39,23,06,40,+,32,06,23,24,38,39,40,+,32
011040,2011-04-02,03,31,15,36,12,49,+,11,03,12,15,31,36,49,+,11
011041,2011-04-05,26,08,10,29,41,44,+,09,08,10,26,29,41,44,+,09
011042,2011-04-07,26,21,31,43,05,01,+,22,01,05,21,26,31,43,+,22
011043,2011-04-10,10,34,24,06,47,37,+,12,06,10,24,34,37,47,+,12
011044,2011-04-12,09,02,04,31,12,21,+,10,02,04,09,12,21,31,+,10
011045,2011-04-14,12,14,37,23,39,32,+,28,12,14,23,32,37,39,+,28
011046,2011-04-16,17,16,01,36,26,31,+,45,01,16,17,26,31,36,+,45
011047,2011-04-19,22,20,18,01,46,08,+,28,01,08,18,20,22,46,+,28
011048,2011-04-21,26,22,09,01,06,10,+,35,01,06,09,10,22,26,+,35
011049,2011-04-23,43,26,30,31,02,04,+,38,02,04,26,30,31,43,+,38
011050,2011-04-26,30,25,29,15,11,49,+,47,11,15,25,29,30,49,+,47
011051,2011-04-28,30,06,49,01,15,33,+,03,01,06,15,30,33,49,+,03
011052,2011-04-30,30,34,23,10,29,09,+,36,09,10,23,29,30,34,+,36
011053,2011-05-03,34,02,23,38,13,03,+,05,02,03,13,23,34,38,+,05
011054,2011-05-05,05,32,48,20,15,06,+,22,05,06,15,20,32,48,+,22
011055,2011-05-08,29,14,26,10,39,41,+,06,10,14,26,29,39,41,+,06
011056,2011-05-12,04,45,09,39,25,28,+,30,04,09,25,28,39,45,+,30
011057,2011-05-14,04,22,15,33,10,35,+,48,04,10,15,22,33,35,+,48
011058,2011-05-17,35,49,12,27,46,14,+,31,12,14,27,35,46,49,+,31
011059,2011-05-20,48,32,15,18,30,13,+,08,13,15,18,30,32,48,+,08
011060,2011-05-22,45,36,47,17,22,15,+,35,15,17,22,36,45,47,+,35
011061,2011-05-24,48,39,33,20,11,31,+,04,11,20,31,33,39,48,+,04
011062,2011-05-26,48,05,06,37,44,22,+,23,05,06,22,37,44,48,+,23
011063,2011-05-28,38,07,43,44,13,34,+,10,07,13,34,38,43,44,+,10
011064,2011-05-31,04,24,10,01,30,39,+,08,01,04,10,24,30,39,+,08
011065,2011-06-02,47,23,39,07,02,18,+,17,02,07,18,23,39,47,+,17
011066,2011-06-04,46,33,36,49,07,08,+,18,07,08,33,36,46,49,+,18
011067,2011-06-07,49,24,42,22,33,36,+,38,22,24,33,36,42,49,+,38
011068,2011-06-09,05,42,06,03,39,15,+,35,03,05,06,15,39,42,+,35
011069,2011-06-12,44,13,04,35,17,01,+,22,01,04,13,17,35,44,+,22
011070,2011-06-14,48,39,19,13,22,12,+,46,12,13,19,22,39,48,+,46
011071,2011-06-16,04,44,12,47,48,26,+,02,04,12,26,44,47,48,+,02
011072,2011-06-18,38,44,14,49,48,16,+,39,14,16,38,44,48,49,+,39
011073,2011-06-21,47,10,32,21,16,09,+,38,09,10,16,21,32,47,+,38
011074,2011-06-23,02,32,15,27,49,43,+,42,02,15,27,32,43,49,+,42
011075,2011-06-25,23,30,24,04,34,45,+,19,04,23,24,30,34,45,+,19
011076,2011-06-28,15,17,04,45,43,47,+,38,04,15,17,43,45,47,+,38
011077,2011-06-30,48,40,49,20,10,46,+,13,10,20,40,46,48,49,+,13
011078,2011-07-02,35,31,34,05,13,33,+,27,05,13,31,33,34,35,+,27
011079,2011-07-05,09,32,16,28,30,22,+,37,09,16,22,28,30,32,+,37
011080,2011-07-07,35,10,29,40,14,46,+,30,10,14,29,35,40,46,+,30
011081,2011-07-09,10,48,01,13,42,11,+,15,01,10,11,13,42,48,+,15
011082,2011-07-12,41,16,28,33,18,45,+,29,16,18,28,33,41,45,+,29
011083,2011-07-14,48,11,33,37,45,13,+,36,11,13,33,37,45,48,+,36
011084,2011-07-16,11,20,31,48,49,17,+,35,11,17,20,31,48,49,+,35
011085,2011-07-19,03,31,10,40,43,41,+,20,03,10,31,40,41,43,+,20
011086,2011-07-21,30,28,26,49,06,18,+,22,06,18,26,28,30,49,+,22
011087,2011-07-24,37,29,08,48,27,07,+,21,07,08,27,29,37,48,+,21
011088,2011-07-26,35,26,15,34,41,25,+,10,15,25,26,34,35,41,+,10
011089,2011-07-28,47,30,42,11,36,21,+,34,11,21,30,36,42,47,+,34
011090,2011-07-30,46,47,06,45,44,29,+,30,06,29,44,45,46,47,+,30
011091,2011-08-02,24,21,11,47,25,14,+,36,11,14,21,24,25,47,+,36
011092,2011-08-04,25,32,34,02,11,39,+,31,02,11,25,32,34,39,+,31
011093,2011-08-06,42,30,45,09,34,31,+,24,09,30,31,34,42,45,+,24
011094,2011-08-09,48,05,25,45,11,06,+,34,05,06,11,25,45,48,+,34
011095,2011-08-11,37,35,06,25,07,04,+,48,04,06,07,25,35,37,+,48
011096,2011-08-13,31,23,11,49,37,18,+,10,11,18,23,31,37,49,+,10
011097,2011-08-16,22,38,09,10,08,05,+,07,05,08,09,10,22,38,+,07
011098,2011-08-18,45,17,43,14,05,49,+,12,05,14,17,43,45,49,+,12
011099,2011-08-20,15,47,17,13,26,23,+,01,13,15,17,23,26,47,+,01
011100,2011-08-23,41,24,25,36,11,45,+,40,11,24,25,36,41,45,+,40
011101,2011-08-25,25,28,10,20,06,17,+,02,06,10,17,20,25,28,+,02
011102,2011-08-27,10,09,27,29,19,45,+,30,09,10,19,27,29,45,+,30
011103,2011-08-30,48,46,49,09,15,24,+,06,09,15,24,46,48,49,+,06
011104,2011-09-02,44,49,33,34,02,29,+,42,02,29,33,34,44,49,+,42
011105,2011-09-04,22,21,04,46,18,39,+,29,04,18,21,22,39,46,+,29
011106,2011-09-06,21,44,07,04,23,01,+,17,01,04,07,21,23,44,+,17
011107,2011-09-08,44,30,39,18,14,22,+,32,14,18,22,30,39,44,+,32
011108,2011-09-10,49,19,15,36,44,45,+,16,15,19,36,44,45,49,+,16
011109,2011-09-13,46,16,28,13,19,11,+,22,11,13,16,19,28,46,+,22
011110,2011-09-15,49,29,13,41,05,07,+,25,05,07,13,29,41,49,+,25
011111,2011-09-17,14,06,43,25,35,12,+,42,06,12,14,25,35,43,+,42
011112,2011-09-20,40,10,47,48,27,33,+,13,10,27,33,40,47,48,+,13
011113,2011-09-22,39,44,10,08,27,19,+,06,08,10,19,27,39,44,+,06
011114,2011-09-24,34,40,16,18,28,06,+,38,06,16,18,28,34,40,+,38
011115,2011-09-27,37,04,23,22,49,40,+,13,04,22,23,37,40,49,+,13
011116,2011-10-02,37,22,41,09,14,45,+,05,09,14,22,37,41,45,+,05
011117,2011-10-04,39,01,37,09,04,15,+,47,01,04,09,15,37,39,+,47
011118,2011-10-08,24,37,41,04,08,26,+,33,04,08,24,26,37,41,+,33
011119,2011-10-11,33,25,06,22,02,39,+,46,02,06,22,25,33,39,+,46
011120,2011-10-13,33,30,40,28,02,08,+,23,02,08,28,30,33,40,+,23
011121,2011-10-15,37,41,11,24,43,28,+,13,11,24,28,37,41,43,+,13
011122,2011-10-18,23,37,48,09,04,47,+,14,04,09,23,37,47,48,+,14
011123,2011-10-20,32,16,34,23,35,02,+,40,02,16,23,32,34,35,+,40
011124,2011-10-22,01,11,20,18,26,30,+,47,01,11,18,20,26,30,+,47
011125,2011-10-25,26,35,22,29,27,17,+,44,17,22,26,27,29,35,+,44
011126,2011-10-27,46,48,22,01,43,09,+,49,01,09,22,43,46,48,+,49
011127,2011-10-29,12,15,17,39,05,18,+,47,05,12,15,17,18,39,+,47
011128,2011-11-01,19,08,21,15,24,44,+,10,08,15,19,21,24,44,+,10
011129,2011-11-03,03,01,34,44,41,21,+,43,01,03,21,34,41,44,+,43
011130,2011-11-06,03,16,11,01,07,34,+,49,01,03,07,11,16,34,+,49
011131,2011-11-08,30,23,34,02,40,42,+,48,02,23,30,34,40,42,+,48
011132,2011-11-10,04,37,49,20,07,09,+,33,04,07,09,20,37,49,+,33
011133,2011-11-12,17,33,42,10,29,48,+,35,10,17,29,33,42,48,+,35
011134,2011-11-15,14,30,26,25,11,07,+,29,07,11,14,25,26,30,+,29
011135,2011-11-17,03,44,42,23,06,24,+,35,03,06,23,24,42,44,+,35
011136,2011-11-19,14,22,13,10,47,12,+,21,10,12,13,14,22,47,+,21
011137,2011-11-22,24,43,21,47,31,07,+,05,07,21,24,31,43,47,+,05
011138,2011-11-24,35,03,41,38,05,19,+,32,03,05,19,35,38,41,+,32
011139,2011-11-26,39,33,47,42,22,04,+,14,04,22,33,39,42,47,+,14
011140,2011-11-29,13,06,42,40,37,03,+,29,03,06,13,37,40,42,+,29
011141,2011-12-01,22,33,01,08,28,03,+,05,01,03,08,22,28,33,+,05
011142,2011-12-03,18,37,03,02,09,23,+,31,02,03,09,18,23,37,+,31
011143,2011-12-06,05,01,11,02,43,06,+,25,01,02,05,06,11,43,+,25
011144,2011-12-08,20,28,22,36,48,05,+,01,05,20,22,28,36,48,+,01
011145,2011-12-10,03,42,21,25,14,27,+,34,03,14,21,25,27,42,+,34
011146,2011-12-13,40,36,38,03,25,32,+,31,03,25,32,36,38,40,+,31
011147,2011-12-15,21,29,43,47,09,34,+,32,09,21,29,34,43,47,+,32
011148,2011-12-18,01,38,35,23,02,46,+,05,01,02,23,35,38,46,+,05
011149,2011-12-20,43,31,26,29,49,37,+,02,26,29,31,37,43,49,+,02
011150,2011-12-22,49,37,05,18,16,28,+,24,05,16,18,28,37,49,+,24
011151,2011-12-24,27,17,24,04,01,43,+,41,01,04,17,24,27,43,+,41
011152,2011-12-26,30,08,37,48,38,31,+,05,08,30,31,37,38,48,+,05
011153,2011-12-29,39,23,07,21,10,29,+,01,07,10,21,23,29,39,+,01
011154,2011-12-31,27,03,44,40,02,49,+,38,02,03,27,40,44,49,+,38
012001,2012-01-03,31,05,12,37,45,34,+,10,05,12,31,34,37,45,+,10
012002,2012-01-05,33,48,11,46,09,43,+,02,09,11,33,43,46,48,+,02
012003,2012-01-07,31,03,07,32,10,35,+,30,03,07,10,31,32,35,+,30
012004,2012-01-10,26,31,35,20,03,32,+,12,03,20,26,31,32,35,+,12
012005,2012-01-12,44,36,27,48,15,32,+,47,15,27,32,36,44,48,+,47
012006,2012-01-14,36,10,24,13,20,29,+,14,10,13,20,24,29,36,+,14
012007,2012-01-17,36,24,44,16,35,23,+,01,16,23,24,35,36,44,+,01
012008,2012-01-19,18,14,02,39,25,01,+,31,01,02,14,18,25,39,+,31
012009,2012-01-22,20,47,10,18,14,34,+,41,10,14,18,20,34,47,+,41
012010,2012-01-26,10,34,03,11,29,17,+,15,03,10,11,17,29,34,+,15
012011,2012-01-31,29,42,46,28,27,22,+,49,22,27,28,29,42,46,+,49
012012,2012-02-02,45,14,20,38,46,21,+,47,14,20,21,38,45,46,+,47
012013,2012-02-04,06,20,27,12,16,38,+,07,06,12,16,20,27,38,+,07
012014,2012-02-07,11,30,41,45,16,34,+,47,11,16,30,34,41,45,+,47
012015,2012-02-09,12,33,34,20,03,41,+,43,03,12,20,33,34,41,+,43
012016,2012-02-12,39,34,09,41,33,07,+,48,07,09,33,34,39,41,+,48
012017,2012-02-14,37,10,14,49,39,21,+,25,10,14,21,37,39,49,+,25
012018,2012-02-16,25,44,04,12,42,18,+,08,04,12,18,25,42,44,+,08
012019,2012-02-18,05,16,41,46,12,17,+,15,05,12,16,17,41,46,+,15
012020,2012-02-21,49,01,15,35,11,12,+,17,01,11,12,15,35,49,+,17
012021,2012-02-23,47,22,15,05,01,43,+,37,01,05,15,22,43,47,+,37
012022,2012-02-25,49,26,27,14,24,12,+,22,12,14,24,26,27,49,+,22
012023,2012-02-28,24,08,37,49,28,09,+,47,08,09,24,28,37,49,+,47
012024,2012-03-01,31,40,34,30,47,25,+,13,25,30,31,34,40,47,+,13
012025,2012-03-03,01,04,08,28,21,03,+,05,01,03,04,08,21,28,+,05
012026,2012-03-06,07,36,33,28,03,31,+,32,03,07,28,31,33,36,+,32
012027,2012-03-08,03,36,35,05,17,09,+,43,03,05,09,17,35,36,+,43
012028,2012-03-11,42,23,48,33,39,10,+,34,10,23,33,39,42,48,+,34
012029,2012-03-13,07,26,43,47,08,48,+,12,07,08,26,43,47,48,+,12
012030,2012-03-15,34,28,49,04,31,48,+,06,04,28,31,34,48,49,+,06
012031,2012-03-17,18,13,23,04,45,06,+,15,04,06,13,18,23,45,+,15
012032,2012-03-20,46,13,44,29,11,18,+,37,11,13,18,29,44,46,+,37
012033,2012-03-22,02,47,38,48,49,35,+,41,02,35,38,47,48,49,+,41
012034,2012-03-24,49,23,35,32,03,43,+,34,03,23,32,35,43,49,+,34
012035,2012-03-27,25,17,43,02,07,30,+,38,02,07,17,25,30,43,+,38
012036,2012-03-29,21,28,16,10,31,29,+,08,10,16,21,28,29,31,+,08
012037,2012-03-31,33,44,30,11,19,37,+,18,11,19,30,33,37,44,+,18
012038,2012-04-03,46,21,47,28,20,44,+,42,20,21,28,44,46,47,+,42
012039,2012-04-05,17,45,13,15,18,41,+,14,13,15,17,18,41,45,+,14
012040,2012-04-07,24,49,03,14,22,34,+,44,03,14,22,24,34,49,+,44
012041,2012-04-10,04,47,11,16,42,26,+,06,04,11,16,26,42,47,+,06
012042,2012-04-12,16,02,25,28,17,11,+,41,02,11,16,17,25,28,+,41
012043,2012-04-14,03,40,15,20,32,19,+,25,03,15,19,20,32,40,+,25
012044,2012-04-17,07,06,17,46,35,19,+,04,06,07,17,19,35,46,+,04
012045,2012-04-19,41,05,12,13,37,20,+,23,05,12,13,20,37,41,+,23
012046,2012-04-22,03,41,21,11,42,01,+,02,01,03,11,21,41,42,+,02
012047,2012-04-24,28,17,29,34,31,01,+,45,01,17,28,29,31,34,+,45
012048,2012-04-26,17,30,11,07,22,10,+,14,07,10,11,17,22,30,+,14
012049,2012-04-28,20,19,17,11,29,32,+,38,11,17,19,20,29,32,+,38
012050,2012-05-01,32,33,19,26,05,17,+,22,05,17,19,26,32,33,+,22
012051,2012-05-03,46,02,47,49,28,20,+,03,02,20,28,46,47,49,+,03
012052,2012-05-05,04,17,11,49,29,39,+,08,04,11,17,29,39,49,+,08
012053,2012-05-08,33,09,04,17,34,10,+,35,04,09,10,17,33,34,+,35
012054,2012-05-10,17,23,46,32,34,13,+,41,13,17,23,32,34,46,+,41
012055,2012-05-13,21,30,34,45,39,16,+,04,16,21,30,34,39,45,+,04
012056,2012-05-15,23,14,33,05,22,16,+,32,05,14,16,22,23,33,+,32
012057,2012-05-17,27,01,10,15,37,21,+,40,01,10,15,21,27,37,+,40
012058,2012-05-20,41,23,47,26,17,03,+,33,03,17,23,26,41,47,+,33
012059,2012-05-22,08,01,26,32,22,37,+,41,01,08,22,26,32,37,+,41
012060,2012-05-24,02,05,08,40,29,47,+,34,02,05,08,29,40,47,+,34
012061,2012-05-26,09,20,10,38,49,22,+,07,09,10,20,22,38,49,+,07
012062,2012-05-29,18,08,31,37,22,20,+,46,08,18,20,22,31,37,+,46
012063,2012-05-31,09,04,39,47,24,31,+,38,04,09,24,31,39,47,+,38
012064,2012-06-02,43,19,47,20,09,14,+,37,09,14,19,20,43,47,+,37
012065,2012-06-05,43,21,34,10,26,35,+,37,10,21,26,34,35,43,+,37
012066,2012-06-07,39,17,04,48,20,29,+,09,04,17,20,29,39,48,+,09
012067,2012-06-10,08,44,37,15,18,39,+,06,08,15,18,37,39,44,+,06
012068,2012-06-12,30,16,36,14,07,25,+,32,07,14,16,25,30,36,+,32
012069,2012-06-16,07,29,04,06,13,02,+,09,02,04,06,07,13,29,+,09
012070,2012-06-19,42,48,26,10,13,40,+,24,10,13,26,40,42,48,+,24
012071,2012-06-21,35,02,08,05,13,17,+,28,02,05,08,13,17,35,+,28
012072,2012-06-23,34,09,40,14,17,48,+,39,09,14,17,34,40,48,+,39
012073,2012-06-26,06,19,26,37,28,49,+,47,06,19,26,28,37,49,+,47
012074,2012-06-28,03,36,19,27,06,14,+,24,03,06,14,19,27,36,+,24
012075,2012-06-30,10,37,32,28,13,41,+,01,10,13,28,32,37,41,+,01
012076,2012-07-03,06,12,14,31,10,38,+,20,06,10,12,14,31,38,+,20
012077,2012-07-05,02,24,03,26,11,27,+,44,02,03,11,24,26,27,+,44
012078,2012-07-07,22,46,04,01,05,44,+,37,01,04,05,22,44,46,+,37
012079,2012-07-10,07,04,13,28,49,36,+,03,04,07,13,28,36,49,+,03
012080,2012-07-12,40,33,44,02,39,13,+,43,02,13,33,39,40,44,+,43
012081,2012-07-14,24,02,06,41,46,16,+,27,02,06,16,24,41,46,+,27
012082,2012-07-17,24,30,11,08,49,17,+,03,08,11,17,24,30,49,+,03
012083,2012-07-19,30,46,34,20,09,35,+,29,09,20,30,34,35,46,+,29
012084,2012-07-21,19,23,07,45,34,30,+,13,07,19,23,30,34,45,+,13
012085,2012-07-24,22,23,15,45,11,10,+,31,10,11,15,22,23,45,+,31
012086,2012-07-26,22,11,44,24,09,13,+,32,09,11,13,22,24,44,+,32
012087,2012-07-28,18,44,45,25,38,40,+,05,18,25,38,40,44,45,+,05
012088,2012-07-31,02,35,23,16,47,10,+,01,02,10,16,23,35,47,+,01
012089,2012-08-02,49,09,11,12,22,28,+,07,09,11,12,22,28,49,+,07
012090,2012-08-04,42,20,49,15,08,41,+,12,08,15,20,41,42,49,+,12
012091,2012-08-07,02,40,09,13,46,44,+,10,02,09,13,40,44,46,+,10
012092,2012-08-09,22,13,20,46,10,42,+,48,10,13,20,22,42,46,+,48
012093,2012-08-11,05,42,41,31,11,12,+,16,05,11,12,31,41,42,+,16
012094,2012-08-14,47,34,16,37,13,02,+,28,02,13,16,34,37,47,+,28
012095,2012-08-16,19,05,23,06,13,34,+,08,05,06,13,19,23,34,+,08
012096,2012-08-18,07,10,32,34,22,48,+,45,07,10,22,32,34,48,+,45
012097,2012-08-21,36,01,12,38,07,17,+,48,01,07,12,17,36,38,+,48
012098,2012-08-23,15,13,25,45,28,47,+,05,13,15,25,28,45,47,+,05
012099,2012-08-25,21,47,38,07,22,03,+,27,03,07,21,22,38,47,+,27
012100,2012-08-28,17,07,49,29,24,47,+,45,07,17,24,29,47,49,+,45
012101,2012-08-30,21,11,26,34,07,15,+,38,07,11,15,21,26,34,+,38
012102,2012-09-01,21,19,12,15,09,47,+,38,09,12,15,19,21,47,+,38
012103,2012-09-04,45,43,24,20,36,34,+,03,20,24,34,36,43,45,+,03
012104,2012-09-06,06,38,43,13,41,33,+,29,06,13,33,38,41,43,+,29
012105,2012-09-09,04,15,27,34,07,12,+,37,04,07,12,15,27,34,+,37
012106,2012-09-11,11,41,25,27,04,39,+,43,04,11,25,27,39,41,+,43
012107,2012-09-13,16,22,42,31,20,48,+,43,16,20,22,31,42,48,+,43
012108,2012-09-15,27,18,07,21,48,06,+,42,06,07,18,21,27,48,+,42
012109,2012-09-18,27,15,43,38,42,26,+,39,15,26,27,38,42,43,+,39
012110,2012-09-22,02,49,38,35,33,13,+,40,02,13,33,35,38,49,+,40
012111,2012-09-25,01,28,17,04,32,20,+,47,01,04,17,20,28,32,+,47
012112,2012-09-27,17,03,40,15,10,01,+,28,01,03,10,15,17,40,+,28
012113,2012-09-29,02,17,26,16,08,20,+,32,02,08,16,17,20,26,+,32
012114,2012-10-02,33,12,37,24,44,25,+,13,12,24,25,33,37,44,+,13
012115,2012-10-07,01,10,47,29,12,13,+,09,01,10,12,13,29,47,+,09
012116,2012-10-09,21,22,36,15,27,17,+,16,15,17,21,22,27,36,+,16
012117,2012-10-11,46,18,40,11,01,03,+,35,01,03,11,18,40,46,+,35
012118,2012-10-13,26,05,11,33,41,06,+,04,05,06,11,26,33,41,+,04
012119,2012-10-16,35,27,09,44,39,17,+,40,09,17,27,35,39,44,+,40
012120,2012-10-18,10,06,04,16,29,14,+,26,04,06,10,14,16,29,+,26
012121,2012-10-20,31,04,19,44,34,37,+,06,04,19,31,34,37,44,+,06
012122,2012-10-23,11,29,45,47,28,41,+,21,11,28,29,41,45,47,+,21
012123,2012-10-25,40,17,43,23,41,08,+,28,08,17,23,40,41,43,+,28
012124,2012-10-27,34,36,26,28,30,39,+,01,26,28,30,34,36,39,+,01
012125,2012-10-30,40,01,28,34,20,30,+,19,01,20,28,30,34,40,+,19
012126,2012-11-01,18,34,28,24,42,15,+,02,15,18,24,28,34,42,+,02
012127,2012-11-03,36,33,46,12,01,48,+,41,01,12,33,36,46,48,+,41
012128,2012-11-06,37,39,06,28,08,01,+,42,01,06,08,28,37,39,+,42
012129,2012-11-08,47,26,37,44,31,15,+,43,15,26,31,37,44,47,+,43
012130,2012-11-11,26,45,47,35,28,09,+,25,09,26,28,35,45,47,+,25
012131,2012-11-13,29,05,30,26,25,03,+,31,03,05,25,26,29,30,+,31
012132,2012-11-15,46,20,36,41,18,48,+,21,18,20,36,41,46,48,+,21
012133,2012-11-17,12,07,24,39,43,48,+,30,07,12,24,39,43,48,+,30
012134,2012-11-20,45,02,11,20,37,47,+,13,02,11,20,37,45,47,+,13
012135,2012-11-22,49,09,22,26,30,44,+,31,09,22,26,30,44,49,+,31
012136,2012-11-24,04,15,02,03,40,23,+,13,02,03,04,15,23,40,+,13
012137,2012-11-27,47,08,21,20,34,24,+,10,08,20,21,24,34,47,+,10
012138,2012-11-29,13,32,28,17,26,34,+,06,13,17,26,28,32,34,+,06
012139,2012-12-01,36,10,17,38,27,16,+,47,10,16,17,27,36,38,+,47
012140,2012-12-04,10,18,11,37,47,07,+,04,07,10,11,18,37,47,+,04
012141,2012-12-06,01,41,43,06,38,45,+,48,01,06,38,41,43,45,+,48
012142,2012-12-08,47,22,34,15,30,33,+,38,15,22,30,33,34,47,+,38
012143,2012-12-11,42,49,15,02,28,41,+,24,02,15,28,41,42,49,+,24
012144,2012-12-13,42,47,09,06,29,31,+,14,06,09,29,31,42,47,+,14
012145,2012-12-15,18,28,41,33,21,47,+,48,18,21,28,33,41,47,+,48
012146,2012-12-18,21,08,14,41,48,45,+,34,08,14,21,41,45,48,+,34
012147,2012-12-20,36,40,04,34,25,12,+,49,04,12,25,34,36,40,+,49
012148,2012-12-23,09,27,34,28,32,43,+,02,09,27,28,32,34,43,+,02
012149,2012-12-25,24,46,18,49,23,12,+,14,12,18,23,24,46,49,+,14
012150,2012-12-27,47,29,07,44,04,39,+,23,04,07,29,39,44,47,+,23
012151,2012-12-29,01,11,33,06,39,09,+,40,01,06,09,11,33,39,+,40
012152,2012-12-31,06,48,30,05,25,32,+,45,05,06,25,30,32,48,+,45
013001,2013-01-03,48,46,33,32,25,17,+,39,17,25,32,33,46,48,+,39
013002,2013-01-08,14,19,29,49,21,20,+,07,14,19,20,21,29,49,+,07
013003,2013-01-10,02,45,41,09,24,34,+,48,02,09,24,34,41,45,+,48
013004,2013-01-13,06,03,31,49,19,21,+,07,03,06,19,21,31,49,+,07
013005,2013-01-15,24,31,27,03,04,07,+,13,03,04,07,24,27,31,+,13
013006,2013-01-17,43,44,02,25,08,14,+,11,02,08,14,25,43,44,+,11
013007,2013-01-19,31,03,19,21,12,48,+,26,03,12,19,21,31,48,+,26
013008,2013-01-22,22,20,04,37,02,30,+,01,02,04,20,22,30,37,+,01
013009,2013-01-24,01,49,09,03,02,20,+,24,01,02,03,09,20,49,+,24
013010,2013-01-26,29,48,45,42,02,41,+,05,02,29,41,42,45,48,+,05
013011,2013-01-29,08,36,44,26,47,20,+,28,08,20,26,36,44,47,+,28
013012,2013-01-31,22,16,46,35,38,27,+,32,16,22,27,35,38,46,+,32
013013,2013-02-03,02,47,48,23,39,17,+,22,02,17,23,39,47,48,+,22
013014,2013-02-05,31,45,19,05,32,34,+,13,05,19,31,32,34,45,+,13
013015,2013-02-07,33,12,18,03,22,08,+,37,03,08,12,18,22,33,+,37
013016,2013-02-09,47,46,04,35,10,08,+,32,04,08,10,35,46,47,+,32
013017,2013-02-14,27,16,24,48,11,36,+,47,11,16,24,27,36,48,+,47
013018,2013-02-16,30,03,12,35,37,38,+,18,03,12,30,35,37,38,+,18
013019,2013-02-19,19,18,32,44,40,05,+,34,05,18,19,32,40,44,+,34
013020,2013-02-21,32,14,22,21,11,49,+,07,11,14,21,22,32,49,+,07
013021,2013-02-23,36,19,35,30,12,23,+,15,12,19,23,30,35,36,+,15
013022,2013-02-26,36,16,04,15,01,18,+,21,01,04,15,16,18,36,+,21
013023,2013-02-28,26,10,28,30,11,23,+,17,10,11,23,26,28,30,+,17
013024,2013-03-03,08,31,39,07,35,26,+,37,07,08,26,31,35,39,+,37
013025,2013-03-05,36,06,04,43,08,35,+,05,04,06,08,35,36,43,+,05
013026,2013-03-07,08,24,35,41,09,39,+,02,08,09,24,35,39,41,+,02
013027,2013-03-09,43,09,40,18,24,34,+,28,09,18,24,34,40,43,+,28
013028,2013-03-12,17,30,38,15,45,13,+,04,13,15,17,30,38,45,+,04
013029,2013-03-14,46,04,16,17,03,15,+,12,03,04,15,16,17,46,+,12
013030,2013-03-16,31,09,41,47,45,06,+,18,06,09,31,41,45,47,+,18
013031,2013-03-19,15,34,29,12,28,03,+,08,03,12,15,28,29,34,+,08
013032,2013-03-21,13,04,42,39,01,22,+,34,01,04,13,22,39,42,+,34
013033,2013-03-23,17,06,09,33,42,25,+,27,06,09,17,25,33,42,+,27
013034,2013-03-26,40,26,35,15,44,10,+,11,10,15,26,35,40,44,+,11
013035,2013-03-28,38,17,44,31,12,45,+,43,12,17,31,38,44,45,+,43
013036,2013-03-30,25,06,34,43,19,04,+,17,04,06,19,25,34,43,+,17
013037,2013-04-02,46,33,02,31,04,09,+,05,02,04,09,31,33,46,+,05
013038,2013-04-04,27,02,07,11,17,15,+,04,02,07,11,15,17,27,+,04
013039,2013-04-06,16,41,10,12,48,29,+,25,10,12,16,29,41,48,+,25
013040,2013-04-09,28,35,43,02,03,25,+,39,02,03,25,28,35,43,+,39
013041,2013-04-11,11,20,24,18,49,29,+,02,11,18,20,24,29,49,+,02
013042,2013-04-13,47,08,46,40,16,29,+,18,08,16,29,40,46,47,+,18
013043,2013-04-16,21,27,15,43,38,11,+,48,11,15,21,27,38,43,+,48
013044,2013-04-18,39,04,22,05,14,17,+,09,04,05,14,17,22,39,+,09
013045,2013-04-21,09,15,10,40,33,49,+,48,09,10,15,33,40,49,+,48
013046,2013-04-23,07,41,35,29,23,20,+,06,07,20,23,29,35,41,+,06
013047,2013-04-25,22,17,14,38,15,48,+,19,14,15,17,22,38,48,+,19
013048,2013-04-27,26,07,23,16,04,28,+,09,04,07,16,23,26,28,+,09
013049,2013-04-30,18,04,49,30,31,24,+,36,04,18,24,30,31,49,+,36
013050,2013-05-02,31,28,05,01,44,46,+,14,01,05,28,31,44,46,+,14
013051,2013-05-04,29,40,44,10,01,49,+,33,01,10,29,40,44,49,+,33
013052,2013-05-07,29,14,37,09,05,24,+,36,05,09,14,24,29,37,+,36
013053,2013-05-09,14,34,16,12,15,22,+,13,12,14,15,16,22,34,+,13
013054,2013-05-12,16,20,01,11,06,25,+,22,01,06,11,16,20,25,+,22
013055,2013-05-14,44,02,16,19,47,11,+,27,02,11,16,19,44,47,+,27
013056,2013-05-16,48,07,42,32,27,18,+,17,07,18,27,32,42,48,+,17
013057,2013-05-19,43,48,04,24,30,14,+,34,04,14,24,30,43,48,+,34
013058,2013-05-21,11,16,31,18,23,12,+,36,11,12,16,18,23,31,+,36
013059,2013-05-23,47,12,24,49,45,27,+,06,12,24,27,45,47,49,+,06
013060,2013-05-25,25,10,40,03,08,26,+,38,03,08,10,25,26,40,+,38
013061,2013-05-28,01,06,05,25,04,09,+,27,01,04,05,06,09,25,+,27
013062,2013-05-30,22,17,27,36,46,15,+,23,15,17,22,27,36,46,+,23
013063,2013-06-01,27,01,23,36,49,45,+,07,01,23,27,36,45,49,+,07
013064,2013-06-04,40,09,48,26,17,36,+,02,09,17,26,36,40,48,+,02
013065,2013-06-06,48,10,16,32,28,20,+,30,10,16,20,28,32,48,+,30
013066,2013-06-09,44,42,15,22,24,18,+,28,15,18,22,24,42,44,+,28
013067,2013-06-11,01,35,40,39,21,14,+,05,01,14,21,35,39,40,+,05
013068,2013-06-13,43,11,03,32,26,35,+,01,03,11,26,32,35,43,+,01
013069,2013-06-15,42,27,29,14,45,09,+,44,09,14,27,29,42,45,+,44
013070,2013-06-18,09,47,22,31,45,23,+,39,09,22,23,31,45,47,+,39
013071,2013-06-20,29,46,11,31,14,16,+,30,11,14,16,29,31,46,+,30
013072,2013-06-22,23,40,42,25,46,34,+,39,23,25,34,40,42,46,+,39
013073,2013-06-25,35,40,20,38,17,29,+,22,17,20,29,35,38,40,+,22
013074,2013-06-27,47,48,16,37,34,42,+,17,16,34,37,42,47,48,+,17
013075,2013-06-29,34,01,26,04,37,03,+,14,01,03,04,26,34,37,+,14
013076,2013-07-02,45,28,19,43,33,07,+,13,07,19,28,33,43,45,+,13
013077,2013-07-06,43,29,06,09,47,27,+,17,06,09,27,29,43,47,+,17
013078,2013-07-09,01,15,46,38,04,40,+,49,01,04,15,38,40,46,+,49
013079,2013-07-11,38,45,39,14,28,26,+,08,14,26,28,38,39,45,+,08
013080,2013-07-13,07,32,18,14,23,46,+,42,07,14,18,23,32,46,+,42
013081,2013-07-16,03,18,19,37,47,20,+,25,03,18,19,20,37,47,+,25
013082,2013-07-18,14,46,36,18,28,32,+,44,14,18,28,32,36,46,+,44
013083,2013-07-21,26,33,17,03,20,47,+,34,03,17,20,26,33,47,+,34
013084,2013-07-23,32,28,17,08,06,22,+,20,06,08,17,22,28,32,+,20
013085,2013-07-25,49,34,23,27,20,32,+,30,20,23,27,32,34,49,+,30
013086,2013-07-27,07,28,01,03,36,22,+,21,01,03,07,22,28,36,+,21
013087,2013-07-30,33,44,42,31,12,08,+,49,08,12,31,33,42,44,+,49
013088,2013-08-01,08,22,06,20,10,19,+,42,06,08,10,19,20,22,+,42
013089,2013-08-03,23,12,06,05,39,38,+,48,05,06,12,23,38,39,+,48
013090,2013-08-06,44,11,32,04,15,19,+,42,04,11,15,19,32,44,+,42
013091,2013-08-08,13,26,25,23,15,29,+,09,13,15,23,25,26,29,+,09
013092,2013-08-10,03,30,41,20,44,10,+,31,03,10,20,30,41,44,+,31
013093,2013-08-13,41,06,42,49,31,01,+,44,01,06,31,41,42,49,+,44
013094,2013-08-15,42,31,22,10,26,16,+,23,10,16,22,26,31,42,+,23
013095,2013-08-17,30,14,09,32,31,49,+,01,09,14,30,31,32,49,+,01
013096,2013-08-20,15,31,14,13,46,48,+,36,13,14,15,31,46,48,+,36
013097,2013-08-22,01,41,16,49,25,33,+,46,01,16,25,33,41,49,+,46
013098,2013-08-24,20,10,06,15,14,03,+,33,03,06,10,14,15,20,+,33
013099,2013-08-27,14,09,29,36,30,32,+,20,09,14,29,30,32,36,+,20
013100,2013-08-29,38,28,35,25,47,24,+,16,24,25,28,35,38,47,+,16
013101,2013-08-31,42,03,06,17,18,43,+,36,03,06,17,18,42,43,+,36
013102,2013-09-03,21,39,35,26,25,33,+,17,21,25,26,33,35,39,+,17
013103,2013-09-05,49,07,29,22,01,28,+,37,01,07,22,28,29,49,+,37
013104,2013-09-07,28,30,18,07,17,10,+,06,07,10,17,18,28,30,+,06
013105,2013-09-10,49,39,12,19,08,48,+,17,08,12,19,39,48,49,+,17
013106,2013-09-12,14,48,31,26,01,28,+,36,01,14,26,28,31,48,+,36
013107,2013-09-14,39,29,47,40,21,06,+,33,06,21,29,39,40,47,+,33
013108,2013-09-16,39,22,47,31,45,17,+,49,17,22,31,39,45,47,+,49
013109,2013-09-19,45,18,03,49,15,26,+,41,03,15,18,26,45,49,+,41
013110,2013-09-21,47,39,22,35,25,36,+,31,22,25,35,36,39,47,+,31
013111,2013-09-24,26,13,25,30,29,39,+,19,13,25,26,29,30,39,+,19
013112,2013-09-26,11,06,09,03,28,07,+,34,03,06,07,09,11,28,+,34
013113,2013-09-28,33,39,49,43,48,40,+,34,33,39,40,43,48,49,+,34
013114,2013-09-30,43,44,40,01,11,29,+,04,01,11,29,40,43,44,+,04
013115,2013-10-03,26,32,14,41,35,17,+,15,14,17,26,32,35,41,+,15
013116,2013-10-05,09,31,29,04,06,36,+,20,04,06,09,29,31,36,+,20
013117,2013-10-08,07,03,27,01,06,15,+,30,01,03,06,07,15,27,+,30
013118,2013-10-10,16,09,08,38,17,11,+,20,08,09,11,16,17,38,+,20
013119,2013-10-13,42,48,24,28,37,35,+,38,24,28,35,37,42,48,+,38
013120,2013-10-15,20,41,33,04,46,27,+,12,04,20,27,33,41,46,+,12
013121,2013-10-17,01,45,35,24,44,11,+,49,01,11,24,35,44,45,+,49
013122,2013-10-19,31,01,44,47,41,10,+,18,01,10,31,41,44,47,+,18
013123,2013-10-22,34,49,36,09,05,41,+,26,05,09,34,36,41,49,+,26
013124,2013-10-24,10,24,44,43,09,22,+,30,09,10,22,24,43,44,+,30
013125,2013-10-26,38,48,47,06,30,15,+,40,06,15,30,38,47,48,+,40
013126,2013-10-29,25,34,47,22,01,20,+,17,01,20,22,25,34,47,+,17
013127,2013-10-31,43,47,02,29,09,46,+,21,02,09,29,43,46,47,+,21
013128,2013-11-02,18,08,29,34,19,31,+,36,08,18,19,29,31,34,+,36
013129,2013-11-05,38,04,42,22,25,37,+,20,04,22,25,37,38,42,+,20
013130,2013-11-07,09,04,14,26,30,42,+,21,04,09,14,26,30,42,+,21
013131,2013-11-10,32,13,35,39,42,31,+,16,13,31,32,35,39,42,+,16
013132,2013-11-12,28,49,19,21,47,18,+,46,18,19,21,28,47,49,+,46
013133,2013-11-14,08,25,03,34,10,29,+,32,03,08,10,25,29,34,+,32
013134,2013-11-16,01,43,08,17,39,32,+,48,01,08,17,32,39,43,+,48
013135,2013-11-19,27,49,35,12,47,44,+,36,12,27,35,44,47,49,+,36
013136,2013-11-21,06,25,23,08,49,03,+,04,03,06,08,23,25,49,+,04
013137,2013-11-23,21,41,30,03,20,18,+,13,03,18,20,21,30,41,+,13
013138,2013-11-26,09,31,44,10,34,12,+,18,09,10,12,31,34,44,+,18
013139,2013-11-28,03,06,33,34,21,43,+,09,03,06,21,33,34,43,+,09
013140,2013-11-30,34,02,45,15,42,19,+,14,02,15,19,34,42,45,+,14
013141,2013-12-03,40,39,17,01,29,24,+,21,01,17,24,29,39,40,+,21
013142,2013-12-05,26,19,46,16,17,01,+,29,01,16,17,19,26,46,+,29
013143,2013-12-07,41,24,26,18,44,05,+,20,05,18,24,26,41,44,+,20
013144,2013-12-10,46,17,30,36,01,08,+,16,01,08,17,30,36,46,+,16
013145,2013-12-12,34,24,10,19,31,28,+,27,10,19,24,28,31,34,+,27
013146,2013-12-14,49,38,15,06,46,14,+,29,06,14,15,38,46,49,+,29
013147,2013-12-17,19,33,01,20,08,15,+,47,01,08,15,19,20,33,+,47
013148,2013-12-19,04,47,39,31,14,43,+,27,04,14,31,39,43,47,+,27
013149,2013-12-22,49,18,43,13,41,12,+,39,12,13,18,41,43,49,+,39
013150,2013-12-25,04,47,45,21,49,25,+,06,04,21,25,45,47,49,+,06
013151,2013-12-28,32,43,09,42,20,04,+,05,04,09,20,32,42,43,+,05
013152,2013-12-31,42,40,44,07,12,09,+,14,07,09,12,40,42,44,+,14
014001,2014-01-02,43,38,01,46,36,49,+,21,01,36,38,43,46,49,+,21
014002,2014-01-04,31,49,16,32,06,44,+,43,06,16,31,32,44,49,+,43
014003,2014-01-07,31,09,38,41,16,30,+,46,09,16,30,31,38,41,+,46
014004,2014-01-09,15,28,04,39,45,16,+,25,04,15,16,28,39,45,+,25
014005,2014-01-12,36,39,44,16,42,03,+,17,03,16,36,39,42,44,+,17
014006,2014-01-14,09,11,33,31,34,27,+,21,09,11,27,31,33,34,+,21
014007,2014-01-16,09,37,18,17,16,15,+,33,09,15,16,17,18,37,+,33
014008,2014-01-18,28,44,18,17,03,26,+,38,03,17,18,26,28,44,+,38
014009,2014-01-21,23,20,34,37,49,08,+,44,08,20,23,34,37,49,+,44
014010,2014-01-23,04,18,21,31,27,05,+,07,04,05,18,21,27,31,+,07
014011,2014-01-25,38,37,43,05,20,48,+,06,05,20,37,38,43,48,+,06
014012,2014-01-28,30,20,37,04,27,31,+,18,04,20,27,30,31,37,+,18
014013,2014-01-30,26,36,16,03,02,04,+,45,02,03,04,16,26,36,+,45
014014,2014-02-04,49,15,48,11,13,39,+,37,11,13,15,39,48,49,+,37
014015,2014-02-06,37,26,27,32,33,45,+,39,26,27,32,33,37,45,+,39
014016,2014-02-09,47,20,35,21,37,48,+,14,20,21,35,37,47,48,+,14
014017,2014-02-11,29,24,07,27,25,10,+,19,07,10,24,25,27,29,+,19
014018,2014-02-13,40,19,46,25,49,23,+,30,19,23,25,40,46,49,+,30
014019,2014-02-15,02,32,30,36,14,45,+,11,02,14,30,32,36,45,+,11
014020,2014-02-18,21,23,15,34,25,45,+,35,15,21,23,25,34,45,+,35
014021,2014-02-20,26,31,05,24,03,40,+,45,03,05,24,26,31,40,+,45
014022,2014-02-22,24,35,33,23,29,02,+,14,02,23,24,29,33,35,+,14
014023,2014-02-25,08,43,40,39,41,26,+,05,08,26,39,40,41,43,+,05
014024,2014-02-27,35,28,09,15,24,05,+,44,05,09,15,24,28,35,+,44
014025,2014-03-02,21,46,16,19,11,38,+,34,11,16,19,21,38,46,+,34
014026,2014-03-04,27,19,33,03,13,16,+,22,03,13,16,19,27,33,+,22
014027,2014-03-06,46,39,27,06,10,20,+,38,06,10,20,27,39,46,+,38
014028,2014-03-08,02,16,17,32,24,03,+,40,02,03,16,17,24,32,+,40
014029,2014-03-11,33,30,28,06,15,04,+,27,04,06,15,28,30,33,+,27
014030,2014-03-13,07,20,19,22,10,17,+,30,07,10,17,19,20,22,+,30
014031,2014-03-15,29,46,02,24,21,15,+,27,02,15,21,24,29,46,+,27
014032,2014-03-18,42,17,02,48,23,35,+,27,02,17,23,35,42,48,+,27
014033,2014-03-20,01,37,09,48,18,25,+,14,01,09,18,25,37,48,+,14
014034,2014-03-22,20,34,26,21,11,49,+,04,11,20,21,26,34,49,+,04
014035,2014-03-25,36,22,35,44,28,45,+,06,22,28,35,36,44,45,+,06
014036,2014-03-27,35,45,49,07,42,23,+,36,07,23,35,42,45,49,+,36
014037,2014-03-29,18,24,10,33,12,02,+,11,02,10,12,18,24,33,+,11
014038,2014-04-01,36,48,43,49,33,22,+,25,22,33,36,43,48,49,+,25
014039,2014-04-03,25,26,04,28,27,09,+,03,04,09,25,26,27,28,+,03
014040,2014-04-05,44,39,45,10,19,38,+,31,10,19,38,39,44,45,+,31
014041,2014-04-08,24,47,45,11,31,46,+,06,11,24,31,45,46,47,+,06
014042,2014-04-10,31,49,18,21,42,04,+,25,04,18,21,31,42,49,+,25
014043,2014-04-12,43,45,18,20,28,06,+,13,06,18,20,28,43,45,+,13
014044,2014-04-15,41,06,45,14,28,16,+,27,06,14,16,28,41,45,+,27
014045,2014-04-17,24,14,12,45,17,23,+,42,12,14,17,23,24,45,+,42
014046,2014-04-19,46,47,21,32,20,35,+,03,20,21,32,35,46,47,+,03
014047,2014-04-22,29,01,41,12,03,36,+,14,01,03,12,29,36,41,+,14
014048,2014-04-24,39,28,40,17,01,32,+,16,01,17,28,32,39,40,+,16
014049,2014-04-26,47,09,12,36,27,22,+,46,09,12,22,27,36,47,+,46
014050,2014-04-29,26,15,02,08,45,37,+,14,02,08,15,26,37,45,+,14
014051,2014-05-01,28,37,01,14,29,43,+,30,01,14,28,29,37,43,+,30
014052,2014-05-03,13,30,02,16,06,36,+,25,02,06,13,16,30,36,+,25
014053,2014-05-06,10,33,23,39,36,44,+,30,10,23,33,36,39,44,+,30
014054,2014-05-08,37,12,39,02,30,10,+,48,02,10,12,30,37,39,+,48
014055,2014-05-11,26,38,45,49,16,11,+,05,11,16,26,38,45,49,+,05
014056,2014-05-13,35,09,32,20,22,41,+,08,09,20,22,32,35,41,+,08
014057,2014-05-15,16,12,24,09,35,34,+,07,09,12,16,24,34,35,+,07
014058,2014-05-18,21,37,45,27,09,12,+,07,09,12,21,27,37,45,+,07
014059,2014-05-20,10,33,16,44,34,47,+,06,10,16,33,34,44,47,+,06
014060,2014-05-22,17,37,31,09,28,35,+,19,09,17,28,31,35,37,+,19
014061,2014-05-24,41,02,14,04,39,30,+,49,02,04,14,30,39,41,+,49
014062,2014-05-27,30,16,10,34,44,03,+,01,03,10,16,30,34,44,+,01
014063,2014-05-29,48,04,26,24,14,19,+,35,04,14,19,24,26,48,+,35
014064,2014-05-31,47,28,32,37,02,10,+,31,02,10,28,32,37,47,+,31
014065,2014-06-02,39,03,19,13,36,20,+,15,03,13,19,20,36,39,+,15
014066,2014-06-04,40,25,33,46,10,11,+,06,10,11,25,33,40,46,+,06
014067,2014-06-07,04,08,44,13,19,48,+,27,04,08,13,19,44,48,+,27
014068,2014-06-10,30,32,01,35,44,37,+,40,01,30,32,35,37,44,+,40
014069,2014-06-12,03,44,21,18,41,45,+,15,03,18,21,41,44,45,+,15
014070,2014-06-17,16,23,45,15,04,03,+,21,03,04,15,16,23,45,+,21
014071,2014-06-19,30,31,24,44,03,17,+,07,03,17,24,30,31,44,+,07
014072,2014-06-21,49,45,17,37,02,40,+,48,02,17,37,40,45,49,+,48
014073,2014-06-24,30,31,25,35,18,24,+,36,18,24,25,30,31,35,+,36
014074,2014-06-26,42,48,47,20,02,40,+,28,02,20,40,42,47,48,+,28
014075,2014-06-29,15,23,46,38,47,26,+,21,15,23,26,38,46,47,+,21
014076,2014-07-03,48,17,37,14,43,34,+,20,14,17,34,37,43,48,+,20
014077,2014-07-05,36,32,10,38,14,37,+,47,10,14,32,36,37,38,+,47
014078,2014-07-08,16,38,04,22,39,27,+,36,04,16,22,27,38,39,+,36
014079,2014-07-10,17,25,01,09,22,02,+,08,01,02,09,17,22,25,+,08
014080,2014-07-12,11,40,03,49,13,23,+,43,03,11,13,23,40,49,+,43
014081,2014-07-15,41,32,09,42,02,05,+,44,02,05,09,32,41,42,+,44
014082,2014-07-17,20,28,42,43,01,30,+,10,01,20,28,30,42,43,+,10
014083,2014-07-19,48,41,30,09,40,01,+,49,01,09,30,40,41,48,+,49
014084,2014-07-22,14,01,16,03,41,24,+,13,01,03,14,16,24,41,+,13
014085,2014-07-24,38,04,31,36,05,21,+,14,04,05,21,31,36,38,+,14
014086,2014-07-26,17,36,04,01,15,42,+,40,01,04,15,17,36,42,+,40
014087,2014-07-29,11,13,31,37,15,47,+,19,11,13,15,31,37,47,+,19
014088,2014-07-31,12,35,44,22,48,27,+,38,12,22,27,35,44,48,+,38
014089,2014-08-02,42,23,48,26,22,03,+,28,03,22,23,26,42,48,+,28
014090,2014-08-05,07,24,29,08,18,05,+,14,05,07,08,18,24,29,+,14
014091,2014-08-07,46,32,14,31,36,05,+,11,05,14,31,32,36,46,+,11
014092,2014-08-09,15,41,31,01,33,09,+,37,01,09,15,31,33,41,+,37
014093,2014-08-12,27,39,31,09,07,36,+,32,07,09,27,31,36,39,+,32
014094,2014-08-14,14,49,04,48,08,23,+,11,04,08,14,23,48,49,+,11
014095,2014-08-16,42,27,37,23,26,46,+,15,23,26,27,37,42,46,+,15
014096,2014-08-19,42,27,02,46,32,05,+,16,02,05,27,32,42,46,+,16
014097,2014-08-21,31,10,30,14,29,26,+,18,10,14,26,29,30,31,+,18
014098,2014-08-23,14,24,38,32,12,04,+,13,04,12,14,24,32,38,+,13
014099,2014-08-26,44,33,25,37,32,29,+,47,25,29,32,33,37,44,+,47
014100,2014-08-28,38,17,27,11,24,31,+,49,11,17,24,27,31,38,+,49
014101,2014-08-30,15,27,18,24,49,39,+,06,15,18,24,27,39,49,+,06
014102,2014-09-02,45,43,37,26,47,28,+,25,26,28,37,43,45,47,+,25
014103,2014-09-04,11,34,36,43,14,46,+,01,11,14,34,36,43,46,+,01
014104,2014-09-09,07,39,27,36,25,42,+,31,07,25,27,36,39,42,+,31
014105,2014-09-13,43,48,03,12,40,49,+,32,03,12,40,43,48,49,+,32
014106,2014-09-16,17,22,43,04,34,15,+,35,04,15,17,22,34,43,+,35
014107,2014-09-18,45,25,16,27,06,20,+,29,06,16,20,25,27,45,+,29
014108,2014-09-20,38,32,48,03,16,40,+,27,03,16,32,38,40,48,+,27
014109,2014-09-23,13,28,43,41,12,20,+,23,12,13,20,28,41,43,+,23
014110,2014-09-25,48,19,49,42,44,03,+,38,03,19,42,44,48,49,+,38
014111,2014-09-28,10,28,06,35,26,12,+,24,06,10,12,26,28,35,+,24
014112,2014-09-30,10,16,20,46,39,45,+,47,10,16,20,39,45,46,+,47
014113,2014-10-02,10,04,24,29,33,35,+,07,04,10,24,29,33,35,+,07
014114,2014-10-04,05,45,14,24,27,22,+,08,05,14,22,24,27,45,+,08
014115,2014-10-07,49,33,42,12,13,26,+,48,12,13,26,33,42,49,+,48
014116,2014-10-09,12,02,23,46,40,14,+,39,02,12,14,23,40,46,+,39
014117,2014-10-11,37,29,35,26,34,47,+,08,26,29,34,35,37,47,+,08
014118,2014-10-14,08,05,17,37,01,20,+,33,01,05,08,17,20,37,+,33
014119,2014-10-16,34,39,48,04,49,09,+,18,04,09,34,39,48,49,+,18
014120,2014-10-18,19,47,22,12,40,36,+,25,12,19,22,36,40,47,+,25
014121,2014-10-21,29,06,18,34,17,09,+,42,06,09,17,18,29,34,+,42
014122,2014-10-23,11,29,28,41,14,37,+,19,11,14,28,29,37,41,+,19
014123,2014-10-25,40,39,41,13,01,43,+,18,01,13,39,40,41,43,+,18
014124,2014-10-28,30,37,16,47,26,43,+,31,16,26,30,37,43,47,+,31
014125,2014-10-30,49,36,03,47,29,19,+,33,03,19,29,36,47,49,+,33
014126,2014-11-01,20,44,26,09,10,11,+,31,09,10,11,20,26,44,+,31
014127,2014-11-04,38,30,23,16,29,37,+,33,16,23,29,30,37,38,+,33
014128,2014-11-06,29,04,12,14,48,10,+,03,04,10,12,14,29,48,+,03
014129,2014-11-08,07,08,32,15,34,39,+,43,07,08,15,32,34,39,+,43
014130,2014-11-11,05,49,09,03,48,19,+,26,03,05,09,19,48,49,+,26
014131,2014-11-13,36,49,21,42,41,46,+,06,21,36,41,42,46,49,+,06
014132,2014-11-16,34,33,15,43,32,07,+,10,07,15,32,33,34,43,+,10
014133,2014-11-18,17,02,06,37,49,24,+,46,02,06,17,24,37,49,+,46
014134,2014-11-20,33,16,08,46,19,35,+,12,08,16,19,33,35,46,+,12
014135,2014-11-22,12,27,32,17,33,02,+,44,02,12,17,27,32,33,+,44
014136,2014-11-25,47,06,44,41,35,42,+,19,06,35,41,42,44,47,+,19
014137,2014-11-27,02,45,22,20,40,30,+,44,02,20,22,30,40,45,+,44
014138,2014-11-29,33,37,07,26,29,32,+,31,07,26,29,32,33,37,+,31
014139,2014-12-02,47,27,04,13,49,01,+,33,01,04,13,27,47,49,+,33
014140,2014-12-04,01,20,33,27,36,08,+,35,01,08,20,27,33,36,+,35
014141,2014-12-06,21,17,40,18,25,48,+,16,17,18,21,25,40,48,+,16
014142,2014-12-09,41,03,13,04,29,31,+,46,03,04,13,29,31,41,+,46
014143,2014-12-11,32,07,01,35,13,39,+,31,01,07,13,32,35,39,+,31
014144,2014-12-13,12,17,48,20,14,40,+,19,12,14,17,20,40,48,+,19
014145,2014-12-16,01,42,31,07,14,34,+,16,01,07,14,31,34,42,+,16
014146,2014-12-18,08,10,25,06,29,21,+,33,06,08,10,21,25,29,+,33
014147,2014-12-21,43,36,37,25,30,02,+,22,02,25,30,36,37,43,+,22
014148,2014-12-23,35,01,47,12,04,14,+,33,01,04,12,14,35,47,+,33
014149,2014-12-25,19,47,24,46,12,43,+,30,12,19,24,43,46,47,+,30
014150,2014-12-27,28,15,31,32,14,48,+,40,14,15,28,31,32,48,+,40
014151,2014-12-29,01,40,30,39,25,33,+,07,01,25,30,33,39,40,+,07
014152,2014-12-31,32,37,19,25,33,10,+,27,10,19,25,32,33,37,+,27
015001,2015-01-03,44,42,15,35,08,31,+,39,08,15,31,35,42,44,+,39
015002,2015-01-06,14,16,18,03,49,38,+,29,03,14,16,18,38,49,+,29
015003,2015-01-08,08,28,44,18,37,19,+,13,08,18,19,28,37,44,+,13
015004,2015-01-11,47,21,10,40,24,33,+,05,10,21,24,33,40,47,+,05
015005,2015-01-13,37,40,43,21,27,16,+,14,16,21,27,37,40,43,+,14
015006,2015-01-15,14,49,01,43,02,37,+,24,01,02,14,37,43,49,+,24
015007,2015-01-17,27,14,25,15,30,16,+,11,14,15,16,25,27,30,+,11
015008,2015-01-20,29,13,09,15,05,07,+,47,05,07,09,13,15,29,+,47
015009,2015-01-22,42,30,46,08,21,16,+,32,08,16,21,30,42,46,+,32
015010,2015-01-24,18,17,26,20,32,31,+,06,17,18,20,26,31,32,+,06
015011,2015-01-27,05,10,13,28,35,04,+,12,04,05,10,13,28,35,+,12
015012,2015-01-29,29,25,32,06,15,46,+,09,06,15,25,29,32,46,+,09
015013,2015-01-31,46,47,14,07,17,05,+,27,05,07,14,17,46,47,+,27
015014,2015-02-03,49,43,11,36,47,34,+,21,11,34,36,43,47,49,+,21
015015,2015-02-05,22,18,17,13,16,45,+,10,13,16,17,18,22,45,+,10
015016,2015-02-08,17,18,05,07,27,48,+,30,05,07,17,18,27,48,+,30
015017,2015-02-10,30,23,02,41,34,17,+,14,02,17,23,30,34,41,+,14
015018,2015-02-12,31,14,07,10,09,22,+,35,07,09,10,14,22,31,+,35
015019,2015-02-14,10,25,21,35,12,02,+,26,02,10,12,21,25,35,+,26
015020,2015-02-17,44,22,28,33,14,46,+,25,14,22,28,33,44,46,+,25
015021,2015-02-22,42,46,29,28,15,20,+,35,15,20,28,29,42,46,+,35
015022,2015-02-24,48,17,32,28,33,18,+,37,17,18,28,32,33,48,+,37
015023,2015-02-26,22,20,25,33,12,10,+,27,10,12,20,22,25,33,+,27
015024,2015-02-28,23,06,09,43,25,41,+,38,06,09,23,25,41,43,+,38
015025,2015-03-03,17,25,46,27,13,49,+,19,13,17,25,27,46,49,+,19
015026,2015-03-05,10,38,20,02,06,40,+,46,02,06,10,20,38,40,+,46
015027,2015-03-07,32,08,49,06,16,12,+,37,06,08,12,16,32,49,+,37
015028,2015-03-10,22,45,01,27,48,18,+,25,01,18,22,27,45,48,+,25
015029,2015-03-12,23,14,25,37,24,17,+,34,14,17,23,24,25,37,+,34
015030,2015-03-14,29,04,21,37,25,32,+,27,04,21,25,29,32,37,+,27
015031,2015-03-17,01,11,05,47,34,23,+,14,01,05,11,23,34,47,+,14
015032,2015-03-19,31,30,43,15,17,12,+,46,12,15,17,30,31,43,+,46
015033,2015-03-22,26,34,38,07,33,30,+,05,07,26,30,33,34,38,+,05
015034,2015-03-24,42,37,02,05,44,13,+,27,02,05,13,37,42,44,+,27
015035,2015-03-26,39,06,02,09,49,16,+,29,02,06,09,16,39,49,+,29
015036,2015-03-28,37,11,16,29,06,30,+,34,06,11,16,29,30,37,+,34
015037,2015-03-31,27,46,10,36,02,05,+,07,02,05,10,27,36,46,+,07
015038,2015-04-02,04,42,37,12,20,47,+,35,04,12,20,37,42,47,+,35
015039,2015-04-04,26,44,45,29,12,09,+,19,09,12,26,29,44,45,+,19
015040,2015-04-06,43,21,46,42,26,24,+,04,21,24,26,42,43,46,+,04
015041,2015-04-09,11,34,38,31,37,10,+,14,10,11,31,34,37,38,+,14
015042,2015-04-11,19,17,06,20,18,42,+,25,06,17,18,19,20,42,+,25
015043,2015-04-14,30,40,35,42,31,48,+,06,30,31,35,40,42,48,+,06
015044,2015-04-16,05,20,35,01,39,03,+,28,01,03,05,20,35,39,+,28
015045,2015-04-18,31,29,47,41,12,17,+,38,12,17,29,31,41,47,+,38
015046,2015-04-21,24,13,48,03,20,43,+,49,03,13,20,24,43,48,+,49
015047,2015-04-23,08,04,03,36,07,26,+,31,03,04,07,08,26,36,+,31
015048,2015-04-25,19,24,36,12,49,21,+,23,12,19,21,24,36,49,+,23
015049,2015-04-28,36,08,28,01,31,45,+,09,01,08,28,31,36,45,+,09
015050,2015-04-30,08,36,30,42,06,34,+,12,06,08,30,34,36,42,+,12
015051,2015-05-02,16,49,26,10,07,12,+,40,07,10,12,16,26,49,+,40
015052,2015-05-05,11,42,43,49,13,41,+,29,11,13,41,42,43,49,+,29
015053,2015-05-07,14,21,25,07,03,29,+,06,03,07,14,21,25,29,+,06
015054,2015-05-10,02,15,39,44,38,13,+,08,02,13,15,38,39,44,+,08
015055,2015-05-12,26,03,15,07,25,47,+,10,03,07,15,25,26,47,+,10
015056,2015-05-14,48,05,17,22,34,38,+,02,05,17,22,34,38,48,+,02
015057,2015-05-17,36,21,44,32,37,46,+,47,21,32,36,37,44,46,+,47
015058,2015-05-19,48,37,27,28,21,33,+,13,21,27,28,33,37,48,+,13
015059,2015-05-21,16,19,47,18,36,42,+,46,16,18,19,36,42,47,+,46
015060,2015-05-23,43,44,45,05,13,10,+,07,05,10,13,43,44,45,+,07
015061,2015-05-26,07,45,42,37,10,15,+,41,07,10,15,37,42,45,+,41
015062,2015-05-28,02,47,44,07,23,20,+,30,02,07,20,23,44,47,+,30
015063,2015-05-30,42,09,45,36,28,16,+,02,09,16,28,36,42,45,+,02
015064,2015-06-02,11,21,38,42,12,15,+,25,11,12,15,21,38,42,+,25
015065,2015-06-04,24,49,31,28,39,18,+,44,18,24,28,31,39,49,+,44
015066,2015-06-06,22,27,09,11,49,14,+,44,09,11,14,22,27,49,+,44
015067,2015-06-09,20,16,07,17,25,12,+,31,07,12,16,17,20,25,+,31
015068,2015-06-11,44,35,10,13,38,42,+,27,10,13,35,38,42,44,+,27
015069,2015-06-13,26,33,12,24,25,10,+,23,10,12,24,25,26,33,+,23
015070,2015-06-16,13,26,44,40,24,16,+,42,13,16,24,26,40,44,+,42
015071,2015-06-18,12,46,11,35,24,04,+,03,04,11,12,24,35,46,+,03
015072,2015-06-20,34,16,12,48,31,42,+,37,12,16,31,34,42,48,+,37
015073,2015-06-23,33,42,26,03,10,46,+,44,03,10,26,33,42,46,+,44
015074,2015-06-25,40,28,49,26,01,05,+,15,01,05,26,28,40,49,+,15
015075,2015-06-28,43,41,09,08,33,18,+,15,08,09,18,33,41,43,+,15
015076,2015-06-30,21,27,12,14,38,43,+,15,12,14,21,27,38,43,+,15
015077,2015-07-02,11,04,48,44,23,32,+,49,04,11,23,32,44,48,+,49
015078,2015-07-04,47,34,09,32,24,43,+,35,09,24,32,34,43,47,+,35
015079,2015-07-07,40,28,29,38,19,09,+,33,09,19,28,29,38,40,+,33
015080,2015-07-11,17,22,05,28,02,27,+,37,02,05,17,22,27,28,+,37
015081,2015-07-14,07,10,13,38,20,08,+,05,07,08,10,13,20,38,+,05
015082,2015-07-16,38,35,22,18,23,16,+,25,16,18,22,23,35,38,+,25
015083,2015-07-18,20,23,13,24,46,47,+,39,13,20,23,24,46,47,+,39
015084,2015-07-21,42,41,15,19,14,04,+,10,04,14,15,19,41,42,+,10
015085,2015-07-23,45,49,40,33,10,43,+,38,10,33,40,43,45,49,+,38
015086,2015-07-26,15,11,28,30,04,26,+,13,04,11,15,26,28,30,+,13
015087,2015-07-28,32,25,33,35,34,12,+,45,12,25,32,33,34,35,+,45
015088,2015-07-30,11,48,24,17,05,04,+,46,04,05,11,17,24,48,+,46
015089,2015-08-01,32,47,14,31,28,20,+,18,14,20,28,31,32,47,+,18
015090,2015-08-04,15,13,05,09,21,23,+,12,05,09,13,15,21,23,+,12
015091,2015-08-06,23,41,40,22,42,35,+,16,22,23,35,40,41,42,+,16
015092,2015-08-08,12,25,46,10,42,19,+,37,10,12,19,25,42,46,+,37
015093,2015-08-11,27,26,47,22,28,36,+,12,22,26,27,28,36,47,+,12
015094,2015-08-13,21,24,22,08,04,01,+,46,01,04,08,21,22,24,+,46
015095,2015-08-15,02,06,30,33,25,13,+,20,02,06,13,25,30,33,+,20
015096,2015-08-18,43,17,49,07,34,41,+,01,07,17,34,41,43,49,+,01
015097,2015-08-20,18,04,44,05,23,32,+,06,04,05,18,23,32,44,+,06
015098,2015-08-22,32,02,37,36,26,31,+,12,02,26,31,32,36,37,+,12
015099,2015-08-25,41,42,39,16,15,03,+,36,03,15,16,39,41,42,+,36
015100,2015-08-27,29,09,39,13,30,45,+,48,09,13,29,30,39,45,+,48
015101,2015-08-29,09,32,37,39,22,28,+,47,09,22,28,32,37,39,+,47
015102,2015-09-01,31,10,05,36,08,06,+,17,05,06,08,10,31,36,+,17
015103,2015-09-03,16,45,34,12,36,42,+,41,12,16,34,36,42,45,+,41
015104,2015-09-05,15,40,26,36,20,16,+,46,15,16,20,26,36,40,+,46
015105,2015-09-08,22,04,41,01,13,32,+,26,01,04,13,22,32,41,+,26
015106,2015-09-10,11,01,36,13,35,23,+,34,01,11,13,23,35,36,+,34
015107,2015-09-12,05,38,21,25,13,40,+,17,05,13,21,25,38,40,+,17
015108,2015-09-15,05,22,17,25,27,03,+,46,03,05,17,22,25,27,+,46
015109,2015-09-17,09,41,04,17,01,35,+,37,01,04,09,17,35,41,+,37
015110,2015-09-22,25,43,11,02,36,12,+,10,02,11,12,25,36,43,+,10
015111,2015-09-24,10,16,15,24,04,28,+,49,04,10,15,16,24,28,+,49
015112,2015-09-26,37,43,06,18,16,15,+,02,06,15,16,18,37,43,+,02
015113,2015-09-30,46,28,10,23,09,37,+,34,09,10,23,28,37,46,+,34
015114,2015-10-03,39,30,16,10,40,08,+,06,08,10,16,30,39,40,+,06
015115,2015-10-06,32,02,22,07,09,46,+,26,02,07,09,22,32,46,+,26
015116,2015-10-08,17,40,08,28,34,39,+,14,08,17,28,34,39,40,+,14
015117,2015-10-11,22,36,46,04,35,21,+,40,04,21,22,35,36,46,+,40
015118,2015-10-13,34,30,04,33,01,22,+,26,01,04,22,30,33,34,+,26
015119,2015-10-15,17,30,34,18,33,26,+,29,17,18,26,30,33,34,+,29
015120,2015-10-17,33,48,02,19,12,34,+,24,02,12,19,33,34,48,+,24
015121,2015-10-19,46,15,38,39,07,11,+,25,07,11,15,38,39,46,+,25
015122,2015-10-21,25,48,16,40,14,01,+,17,01,14,16,25,40,48,+,17
015123,2015-10-24,27,34,18,45,35,28,+,02,18,27,28,34,35,45,+,02
015124,2015-10-27,33,20,22,44,31,39,+,10,20,22,31,33,39,44,+,10
015125,2015-10-29,31,22,05,46,04,06,+,47,04,05,06,22,31,46,+,47
015126,2015-10-31,28,04,48,37,10,42,+,08,04,10,28,37,42,48,+,08
015127,2015-11-03,38,12,25,07,13,34,+,15,07,12,13,25,34,38,+,15
015128,2015-11-05,25,44,11,05,27,10,+,07,05,10,11,25,27,44,+,07
015129,2015-11-07,06,16,34,44,48,27,+,01,06,16,27,34,44,48,+,01
015130,2015-11-10,47,04,43,28,42,14,+,03,04,14,28,42,43,47,+,03
015131,2015-11-12,10,24,28,45,33,20,+,19,10,20,24,28,33,45,+,19
015132,2015-11-15,13,15,45,28,41,24,+,20,13,15,24,28,41,45,+,20
015133,2015-11-17,33,13,47,31,35,12,+,21,12,13,31,33,35,47,+,21
015134,2015-11-19,15,40,41,13,48,25,+,19,13,15,25,40,41,48,+,19
015135,2015-11-22,33,30,38,20,39,09,+,37,09,20,30,33,38,39,+,37
015136,2015-11-24,44,17,21,41,36,22,+,38,17,21,22,36,41,44,+,38
015137,2015-11-26,44,10,39,17,25,26,+,07,10,17,25,26,39,44,+,07
015138,2015-11-28,31,25,28,24,15,21,+,48,15,21,24,25,28,31,+,48
015139,2015-12-01,08,10,33,22,09,40,+,28,08,09,10,22,33,40,+,28
015140,2015-12-03,42,14,41,04,44,11,+,10,04,11,14,41,42,44,+,10
015141,2015-12-05,19,16,35,06,34,46,+,09,06,16,19,34,35,46,+,09
015142,2015-12-08,49,25,10,09,40,48,+,32,09,10,25,40,48,49,+,32
015143,2015-12-10,09,29,24,47,32,34,+,42,09,24,29,32,34,47,+,42
015144,2015-12-12,16,42,44,27,35,18,+,33,16,18,27,35,42,44,+,33
015145,2015-12-15,18,41,40,48,49,22,+,42,18,22,40,41,48,49,+,42
015146,2015-12-17,20,36,24,18,45,44,+,39,18,20,24,36,44,45,+,39
015147,2015-12-20,43,45,20,16,06,11,+,21,06,11,16,20,43,45,+,21
015148,2015-12-22,44,36,38,11,28,48,+,26,11,28,36,38,44,48,+,26
015149,2015-12-24,18,20,12,33,47,28,+,25,12,18,20,28,33,47,+,25
015150,2015-12-26,37,01,08,42,47,33,+,07,01,08,33,37,42,47,+,07
015151,2015-12-29,30,38,33,20,03,05,+,28,03,05,20,30,33,38,+,28
015152,2015-12-31,22,24,11,25,02,12,+,03,02,11,12,22,24,25,+,03
016001,2016-01-02,06,34,08,41,32,11,+,47,06,08,11,32,34,41,+,47
016002,2016-01-05,18,45,02,05,07,30,+,11,02,05,07,18,30,45,+,11
016003,2016-01-07,29,11,09,47,43,06,+,08,06,09,11,29,43,47,+,08
016004,2016-01-10,15,08,30,45,18,04,+,38,04,08,15,18,30,45,+,38
016005,2016-01-12,08,13,44,45,35,15,+,47,08,13,15,35,44,45,+,47
016006,2016-01-14,23,49,32,02,01,10,+,26,01,02,10,23,32,49,+,26
016007,2016-01-16,02,06,01,43,37,40,+,24,01,02,06,37,40,43,+,24
016008,2016-01-19,39,25,30,08,20,18,+,13,08,18,20,25,30,39,+,13
016009,2016-01-21,33,40,47,02,12,45,+,09,02,12,33,40,45,47,+,09
016010,2016-01-23,14,32,23,08,12,07,+,05,07,08,12,14,23,32,+,05
016011,2016-01-26,09,40,05,27,22,26,+,13,05,09,22,26,27,40,+,13
016012,2016-01-28,30,48,08,42,34,20,+,36,08,20,30,34,42,48,+,36
016013,2016-01-30,01,39,29,32,44,05,+,04,01,05,29,32,39,44,+,04
016014,2016-02-02,36,28,34,18,33,30,+,02,18,28,30,33,34,36,+,02
016015,2016-02-04,07,38,13,35,15,45,+,32,07,13,15,35,38,45,+,32
016016,2016-02-07,11,21,13,19,15,29,+,41,11,13,15,19,21,29,+,41
016017,2016-02-11,04,35,03,30,47,17,+,10,03,04,17,30,35,47,+,10
016018,2016-02-13,43,08,36,14,29,24,+,31,08,14,24,29,36,43,+,31
016019,2016-02-16,42,43,22,34,21,18,+,24,18,21,22,34,42,43,+,24
016020,2016-02-18,20,41,38,13,45,39,+,46,13,20,38,39,41,45,+,46
016021,2016-02-20,47,49,39,20,44,12,+,45,12,20,39,44,47,49,+,45
016022,2016-02-23,15,27,45,44,09,24,+,47,09,15,24,27,44,45,+,47
016023,2016-02-25,03,47,22,45,24,06,+,07,03,06,22,24,45,47,+,07
016024,2016-02-27,27,06,11,20,44,09,+,42,06,09,11,20,27,44,+,42
016025,2016-03-01,30,21,11,16,19,33,+,31,11,16,19,21,30,33,+,31
016026,2016-03-03,16,05,45,07,02,01,+,33,01,02,05,07,16,45,+,33
016027,2016-03-05,29,48,49,17,26,32,+,40,17,26,29,32,48,49,+,40
016028,2016-03-08,16,34,04,30,03,39,+,14,03,04,16,30,34,39,+,14
016029,2016-03-10,09,48,30,33,24,14,+,43,09,14,24,30,33,48,+,43
016030,2016-03-13,41,23,49,36,33,03,+,02,03,23,33,36,41,49,+,02
016031,2016-03-15,01,06,41,19,28,26,+,39,01,06,19,26,28,41,+,39
016032,2016-03-17,08,16,15,03,17,38,+,35,03,08,15,16,17,38,+,35
016033,2016-03-19,25,23,39,35,42,43,+,14,23,25,35,39,42,43,+,14
016034,2016-03-22,05,18,49,24,10,27,+,39,05,10,18,24,27,49,+,39
016035,2016-03-24,21,35,18,25,16,46,+,13,16,18,21,25,35,46,+,13
016036,2016-03-26,38,47,24,44,17,46,+,27,17,24,38,44,46,47,+,27
016037,2016-03-29,22,09,31,13,12,30,+,28,09,12,13,22,30,31,+,28
016038,2016-04-02,34,06,29,45,36,04,+,47,04,06,29,34,36,45,+,47
016039,2016-04-05,10,43,21,35,30,04,+,07,04,10,21,30,35,43,+,07
016040,2016-04-07,08,45,34,21,25,32,+,31,08,21,25,32,34,45,+,31
016041,2016-04-09,43,06,03,38,44,13,+,31,03,06,13,38,43,44,+,31
016042,2016-04-12,33,48,21,46,28,25,+,10,21,25,28,33,46,48,+,10
016043,2016-04-14,46,27,25,21,44,14,+,03,14,21,25,27,44,46,+,03
016044,2016-04-17,28,35,45,46,24,16,+,38,16,24,28,35,45,46,+,38
016045,2016-04-19,48,05,30,45,34,08,+,03,05,08,30,34,45,48,+,03
016046,2016-04-21,03,15,05,39,41,14,+,21,03,05,14,15,39,41,+,21
016047,2016-04-23,46,02,16,35,10,47,+,49,02,10,16,35,46,47,+,49
016048,2016-04-26,25,28,03,45,01,27,+,12,01,03,25,27,28,45,+,12
016049,2016-04-30,44,28,20,49,11,29,+,40,11,20,28,29,44,49,+,40
016050,2016-05-05,36,27,12,07,15,06,+,29,06,07,12,15,27,36,+,29
016051,2016-05-10,40,20,26,28,32,45,+,43,20,26,28,32,40,45,+,43
016052,2016-05-12,27,49,12,20,04,19,+,21,04,12,19,20,27,49,+,21
016053,2016-05-15,25,02,46,11,28,36,+,42,02,11,25,28,36,46,+,42
016054,2016-05-17,23,24,19,40,01,32,+,35,01,19,23,24,32,40,+,35
016055,2016-05-19,37,02,20,39,08,24,+,18,02,08,20,24,37,39,+,18
016056,2016-05-21,44,23,25,06,13,48,+,11,06,13,23,25,44,48,+,11
016057,2016-05-24,35,34,33,14,18,46,+,42,14,18,33,34,35,46,+,42
016058,2016-05-26,36,15,46,48,09,38,+,22,09,15,36,38,46,48,+,22
016059,2016-05-28,21,36,23,33,42,32,+,20,21,23,32,33,36,42,+,20
016060,2016-05-31,24,38,39,21,36,44,+,49,21,24,36,38,39,44,+,49
016061,2016-06-02,19,03,34,26,24,04,+,38,03,04,19,24,26,34,+,38
016062,2016-06-04,16,08,38,21,32,48,+,11,08,16,21,32,38,48,+,11
016063,2016-06-06,12,05,49,20,08,02,+,47,02,05,08,12,20,49,+,47
016064,2016-06-08,13,04,34,48,36,42,+,19,04,13,34,36,42,48,+,19
016065,2016-06-11,23,14,10,40,29,42,+,11,10,14,23,29,40,42,+,11
016066,2016-06-14,49,30,36,13,44,15,+,37,13,15,30,36,44,49,+,37
016067,2016-06-16,48,45,19,22,29,27,+,04,19,22,27,29,45,48,+,04
016068,2016-06-18,08,12,04,05,34,37,+,24,04,05,08,12,34,37,+,24
016069,2016-06-21,09,39,20,21,10,38,+,49,09,10,20,21,38,39,+,49
016070,2016-06-23,09,35,48,49,21,06,+,29,06,09,21,35,48,49,+,29
016071,2016-06-25,15,38,42,43,22,10,+,18,10,15,22,38,42,43,+,18
016072,2016-06-28,30,07,32,23,13,48,+,36,07,13,23,30,32,48,+,36
016073,2016-06-30,16,05,06,02,07,29,+,35,02,05,06,07,16,29,+,35
016074,2016-07-02,16,02,33,37,08,32,+,05,02,08,16,32,33,37,+,05
016075,2016-07-05,17,06,13,01,44,34,+,38,01,06,13,17,34,44,+,38
016076,2016-07-07,14,31,44,21,38,13,+,22,13,14,21,31,38,44,+,22
016077,2016-07-09,07,19,20,31,30,28,+,29,07,19,20,28,30,31,+,29
016078,2016-07-12,31,32,45,12,20,35,+,18,12,20,31,32,35,45,+,18
016079,2016-07-14,36,21,16,38,47,30,+,48,16,21,30,36,38,47,+,48
016080,2016-07-16,34,16,24,02,07,01,+,36,01,02,07,16,24,34,+,36
016081,2016-07-19,07,27,46,47,21,33,+,04,07,21,27,33,46,47,+,04
016082,2016-07-22,41,10,44,11,46,22,+,35,10,11,22,41,44,46,+,35
016083,2016-07-24,31,11,39,44,26,18,+,24,11,18,26,31,39,44,+,24
016084,2016-07-26,03,49,14,17,21,28,+,12,03,14,17,21,28,49,+,12
016085,2016-07-28,47,12,35,39,20,24,+,15,12,20,24,35,39,47,+,15
016086,2016-07-30,33,09,48,35,29,21,+,28,09,21,29,33,35,48,+,28
016087,2016-08-02,12,11,19,07,21,39,+,49,07,11,12,19,21,39,+,49
016088,2016-08-04,41,10,47,45,16,34,+,07,10,16,34,41,45,47,+,07
016089,2016-08-06,40,02,23,17,36,32,+,03,02,17,23,32,36,40,+,03
016090,2016-08-09,05,13,34,39,22,09,+,40,05,09,13,22,34,39,+,40
016091,2016-08-11,30,23,38,10,19,11,+,13,10,11,19,23,30,38,+,13
016092,2016-08-13,23,44,11,47,03,04,+,24,03,04,11,23,44,47,+,24
016093,2016-08-16,05,46,14,20,12,27,+,26,05,12,14,20,27,46,+,26
016094,2016-08-18,20,45,46,17,22,03,+,30,03,17,20,22,45,46,+,30
016095,2016-08-20,03,28,15,48,02,46,+,33,02,03,15,28,46,48,+,33
016096,2016-08-23,43,44,16,14,25,24,+,03,14,16,24,25,43,44,+,03
016097,2016-08-25,47,20,35,40,04,34,+,03,04,20,34,35,40,47,+,03
016098,2016-08-27,13,03,06,37,24,43,+,30,03,06,13,24,37,43,+,30
016099,2016-08-30,31,42,21,34,14,20,+,25,14,20,21,31,34,42,+,25
016100,2016-09-01,49,08,30,11,13,34,+,02,08,11,13,30,34,49,+,02
016101,2016-09-04,38,25,08,26,43,28,+,22,08,25,26,28,38,43,+,22
016102,2016-09-06,15,33,43,41,11,48,+,27,11,15,33,41,43,48,+,27
016103,2016-09-08,04,03,48,26,45,05,+,14,03,04,05,26,45,48,+,14
016104,2016-09-10,38,32,46,16,07,37,+,22,07,16,32,37,38,46,+,22
016105,2016-09-13,49,01,38,19,21,13,+,23,01,13,19,21,38,49,+,23
016106,2016-09-15,25,49,34,35,24,44,+,30,24,25,34,35,44,49,+,30
016107,2016-09-17,21,18,42,25,03,31,+,26,03,18,21,25,31,42,+,26
016108,2016-09-20,19,44,41,16,27,04,+,25,04,16,19,27,41,44,+,25
016109,2016-09-22,47,05,44,43,38,30,+,14,05,30,38,43,44,47,+,14
016110,2016-09-24,34,44,43,01,20,17,+,42,01,17,20,34,43,44,+,42
016111,2016-09-27,23,16,28,12,19,32,+,27,12,16,19,23,28,32,+,27
016112,2016-09-29,48,41,20,14,33,28,+,40,14,20,28,33,41,48,+,40
016113,2016-10-02,46,07,34,21,08,22,+,06,07,08,21,22,34,46,+,06
016114,2016-10-04,28,06,40,38,02,10,+,30,02,06,10,28,38,40,+,30
016115,2016-10-06,19,05,48,11,33,13,+,34,05,11,13,19,33,48,+,34
016116,2016-10-09,36,45,49,28,12,26,+,09,12,26,28,36,45,49,+,09
016117,2016-10-11,19,24,36,16,28,42,+,13,16,19,24,28,36,42,+,13
016118,2016-10-13,16,40,27,02,09,32,+,46,02,09,16,27,32,40,+,46
016119,2016-10-15,40,28,27,12,07,18,+,10,07,12,18,27,28,40,+,10
016120,2016-10-18,28,27,30,08,41,38,+,12,08,27,28,30,38,41,+,12
016121,2016-10-20,07,45,28,02,15,04,+,19,02,04,07,15,28,45,+,19
016122,2016-10-22,03,13,43,20,12,33,+,35,03,12,13,20,33,43,+,35
016123,2016-10-25,22,29,17,08,07,12,+,14,07,08,12,17,22,29,+,14
016124,2016-10-27,35,16,08,44,17,34,+,41,08,16,17,34,35,44,+,41
016125,2016-10-29,26,32,38,47,22,43,+,42,22,26,32,38,43,47,+,42
016126,2016-11-01,02,36,33,21,01,31,+,08,01,02,21,31,33,36,+,08
016127,2016-11-03,38,14,22,18,30,06,+,47,06,14,18,22,30,38,+,47
016128,2016-11-05,09,39,31,46,42,12,+,48,09,12,31,39,42,46,+,48
016129,2016-11-08,03,11,06,05,42,34,+,28,03,05,06,11,34,42,+,28
016130,2016-11-10,17,46,03,39,49,38,+,37,03,17,38,39,46,49,+,37
016131,2016-11-13,02,16,27,34,41,29,+,42,02,16,27,29,34,41,+,42
016132,2016-11-15,18,15,17,10,27,40,+,26,10,15,17,18,27,40,+,26
016133,2016-11-17,45,28,18,05,30,26,+,33,05,18,26,28,30,45,+,33
016134,2016-11-19,42,06,37,02,24,23,+,32,02,06,23,24,37,42,+,32
016135,2016-11-22,13,40,16,12,38,18,+,05,12,13,16,18,38,40,+,05
016136,2016-11-24,49,03,24,09,38,31,+,41,03,09,24,31,38,49,+,41
016137,2016-11-26,02,01,04,03,10,07,+,33,01,02,03,04,07,10,+,33
016138,2016-11-29,11,22,04,49,18,24,+,25,04,11,18,22,24,49,+,25
016139,2016-12-01,15,24,37,21,09,18,+,16,09,15,18,21,24,37,+,16
016140,2016-12-03,47,23,30,13,08,48,+,07,08,13,23,30,47,48,+,07
016141,2016-12-06,32,03,49,29,17,07,+,11,03,07,17,29,32,49,+,11
016142,2016-12-08,39,37,24,09,26,28,+,29,09,24,26,28,37,39,+,29
016143,2016-12-10,34,22,33,07,39,32,+,45,07,22,32,33,34,39,+,45
016144,2016-12-13,14,44,26,38,07,31,+,37,07,14,26,31,38,44,+,37
016145,2016-12-15,19,34,33,15,20,32,+,23,15,19,20,32,33,34,+,23
016146,2016-12-18,10,28,26,21,38,03,+,29,03,10,21,26,28,38,+,29
016147,2016-12-20,32,28,37,34,48,05,+,39,05,28,32,34,37,48,+,39
016148,2016-12-23,16,14,04,25,35,32,+,47,04,14,16,25,32,35,+,47
016149,2016-12-25,10,43,26,03,04,37,+,41,03,04,10,26,37,43,+,41
016150,2016-12-29,21,02,11,17,13,15,+,26,02,11,13,15,17,21,+,26
016151,2016-12-31,09,08,28,17,15,12,+,33,08,09,12,15,17,28,+,33
017001,2017-01-03,22,29,37,11,04,46,+,18,04,11,22,29,37,46,+,18
017002,2017-01-05,05,36,20,14,49,21,+,39,05,14,20,21,36,49,+,39
017003,2017-01-07,10,14,07,29,45,46,+,19,07,10,14,29,45,46,+,19
017004,2017-01-10,26,14,02,39,07,38,+,12,02,07,14,26,38,39,+,12
017005,2017-01-12,43,30,27,40,18,25,+,06,18,25,27,30,40,43,+,06
017006,2017-01-15,44,22,37,48,06,01,+,35,01,06,22,37,44,48,+,35
017007,2017-01-17,42,47,27,26,28,36,+,33,26,27,28,36,42,47,+,33
017008,2017-01-19,23,43,01,13,35,02,+,18,01,02,13,23,35,43,+,18
017009,2017-01-21,08,49,37,28,27,38,+,33,08,27,28,37,38,49,+,33
017010,2017-01-24,27,23,02,05,43,36,+,20,02,05,23,27,36,43,+,20
017011,2017-01-26,13,24,29,44,31,28,+,10,13,24,28,29,31,44,+,10
017012,2017-01-28,30,40,34,08,25,15,+,42,08,15,25,30,34,40,+,42
017013,2017-02-01,23,14,35,13,29,18,+,45,13,14,18,23,29,35,+,45
017014,2017-02-04,40,07,14,25,28,33,+,26,07,14,25,28,33,40,+,26
017015,2017-02-07,06,22,25,11,33,32,+,24,06,11,22,25,32,33,+,24
017016,2017-02-09,45,12,03,13,24,19,+,40,03,12,13,19,24,45,+,40
017017,2017-02-12,21,07,30,26,47,38,+,15,07,21,26,30,38,47,+,15
017018,2017-02-14,43,46,28,21,14,16,+,26,14,16,21,28,43,46,+,26
017019,2017-02-16,34,23,41,44,08,05,+,07,05,08,23,34,41,44,+,07
017020,2017-02-18,05,08,17,12,20,37,+,45,05,08,12,17,20,37,+,45
017021,2017-02-21,29,32,13,01,44,07,+,20,01,07,13,29,32,44,+,20
017022,2017-02-23,46,32,34,15,16,13,+,10,13,15,16,32,34,46,+,10
017023,2017-02-25,26,25,20,04,12,19,+,08,04,12,19,20,25,26,+,08
017024,2017-02-28,44,20,24,42,34,15,+,07,15,20,24,34,42,44,+,07
017025,2017-03-02,13,06,31,45,43,42,+,34,06,13,31,42,43,45,+,34
017026,2017-03-04,29,10,22,18,32,23,+,45,10,18,22,23,29,32,+,45
017027,2017-03-07,14,18,19,02,43,40,+,42,02,14,18,19,40,43,+,42
017028,2017-03-09,44,35,41,25,19,17,+,26,17,19,25,35,41,44,+,26
017029,2017-03-11,32,04,20,01,39,27,+,15,01,04,20,27,32,39,+,15
017030,2017-03-14,36,44,02,35,32,33,+,48,02,32,33,35,36,44,+,48
017031,2017-03-16,19,11,48,40,01,02,+,04,01,02,11,19,40,48,+,04
017032,2017-03-18,46,02,23,17,13,30,+,08,02,13,17,23,30,46,+,08
017033,2017-03-21,20,46,08,12,37,25,+,02,08,12,20,25,37,46,+,02
017034,2017-03-23,05,41,33,47,14,17,+,16,05,14,17,33,41,47,+,16
017035,2017-03-25,09,48,23,10,30,38,+,16,09,10,23,30,38,48,+,16
017036,2017-03-28,40,02,35,09,36,21,+,44,02,09,21,35,36,40,+,44
017037,2017-03-30,18,48,21,38,19,30,+,07,18,19,21,30,38,48,+,07
017038,2017-04-01,20,34,44,36,07,17,+,23,07,17,20,34,36,44,+,23
017039,2017-04-04,41,03,09,40,19,33,+,26,03,09,19,33,40,41,+,26
017040,2017-04-06,46,04,21,45,39,24,+,40,04,21,24,39,45,46,+,40
017041,2017-04-08,11,30,27,14,02,20,+,19,02,11,14,20,27,30,+,19
017042,2017-04-11,31,17,22,29,30,14,+,38,14,17,22,29,30,31,+,38
017043,2017-04-13,25,10,26,38,04,49,+,34,04,10,25,26,38,49,+,34
017044,2017-04-15,01,29,33,04,05,44,+,39,01,04,05,29,33,44,+,39
017045,2017-04-18,04,18,10,11,29,38,+,28,04,10,11,18,29,38,+,28
017046,2017-04-22,11,34,09,29,23,01,+,06,01,09,11,23,29,34,+,06
017047,2017-04-25,49,22,46,01,21,45,+,14,01,21,22,45,46,49,+,14
017048,2017-04-27,17,49,48,16,21,42,+,37,16,17,21,42,48,49,+,37
017049,2017-04-29,05,31,48,14,08,22,+,33,05,08,14,22,31,48,+,33
017050,2017-05-02,41,20,01,27,31,22,+,02,01,20,22,27,31,41,+,02
017051,2017-05-04,32,36,46,17,04,21,+,27,04,17,21,32,36,46,+,27
017052,2017-05-06,09,03,35,13,34,01,+,27,01,03,09,13,34,35,+,27
017053,2017-05-09,22,31,06,45,23,36,+,12,06,22,23,31,36,45,+,12
017054,2017-05-11,46,38,16,22,09,40,+,11,09,16,22,38,40,46,+,11
017055,2017-05-14,12,33,07,18,27,01,+,20,01,07,12,18,27,33,+,20
017056,2017-05-16,07,05,15,10,01,09,+,03,01,05,07,09,10,15,+,03
017057,2017-05-18,20,28,11,07,49,41,+,32,07,11,20,28,41,49,+,32
017058,2017-05-20,17,03,02,48,34,38,+,14,02,03,17,34,38,48,+,14
017059,2017-05-23,46,29,07,13,17,23,+,49,07,13,17,23,29,46,+,49
017060,2017-05-25,40,48,39,27,23,26,+,07,23,26,27,39,40,48,+,07
017061,2017-05-27,05,18,43,22,07,33,+,27,05,07,18,22,33,43,+,27
017062,2017-05-30,37,38,27,32,14,18,+,01,14,18,27,32,37,38,+,01
017063,2017-06-01,23,28,45,18,36,04,+,33,04,18,23,28,36,45,+,33
017064,2017-06-03,33,24,15,25,40,11,+,42,11,15,24,25,33,40,+,42
017065,2017-06-06,30,47,49,26,24,08,+,35,08,24,26,30,47,49,+,35
017066,2017-06-08,11,23,08,29,15,24,+,06,08,11,15,23,24,29,+,06
017067,2017-06-10,23,01,18,13,30,44,+,42,01,13,18,23,30,44,+,42
017068,2017-06-13,34,21,49,46,27,23,+,44,21,23,27,34,46,49,+,44
017069,2017-06-15,19,02,05,01,12,18,+,44,01,02,05,12,18,19,+,44
017070,2017-06-17,09,34,42,39,49,46,+,32,09,34,39,42,46,49,+,32
017071,2017-06-20,15,20,45,35,25,18,+,34,15,18,20,25,35,45,+,34
017072,2017-06-22,31,49,20,21,18,27,+,45,18,20,21,27,31,49,+,45
017073,2017-06-24,30,03,28,42,32,37,+,11,03,28,30,32,37,42,+,11
017074,2017-06-27,12,24,48,40,30,44,+,08,12,24,30,40,44,48,+,08
017075,2017-06-29,29,11,37,16,27,26,+,19,11,16,26,27,29,37,+,19
017076,2017-07-02,09,39,04,33,27,42,+,35,04,09,27,33,39,42,+,35
017077,2017-07-04,15,05,38,27,26,02,+,18,02,05,15,26,27,38,+,18
017078,2017-07-06,30,07,02,08,10,06,+,28,02,06,07,08,10,30,+,28
017079,2017-07-08,21,08,36,11,03,48,+,37,03,08,11,21,36,48,+,37
017080,2017-07-11,43,22,45,01,20,11,+,35,01,11,20,22,43,45,+,35
017081,2017-07-13,29,04,41,27,25,05,+,18,04,05,25,27,29,41,+,18
017082,2017-07-15,29,43,48,35,42,34,+,26,29,34,35,42,43,48,+,26
017083,2017-07-18,14,06,32,40,46,33,+,10,06,14,32,33,40,46,+,10
017084,2017-07-20,12,25,09,34,05,26,+,21,05,09,12,25,26,34,+,21
017085,2017-07-22,36,04,06,27,47,49,+,03,04,06,27,36,47,49,+,03
017086,2017-07-25,08,33,15,47,37,09,+,01,08,09,15,33,37,47,+,01
017087,2017-07-27,42,37,03,44,31,04,+,40,03,04,31,37,42,44,+,40
017088,2017-07-30,37,30,15,11,43,25,+,17,11,15,25,30,37,43,+,17
017089,2017-08-01,37,25,26,36,32,10,+,46,10,25,26,32,36,37,+,46
017090,2017-08-03,24,18,06,35,40,22,+,36,06,18,22,24,35,40,+,36
017091,2017-08-05,35,14,48,32,39,25,+,31,14,25,32,35,39,48,+,31
017092,2017-08-08,10,25,08,37,28,33,+,07,08,10,25,28,33,37,+,07
017093,2017-08-10,22,18,25,33,32,42,+,29,18,22,25,32,33,42,+,29
017094,2017-08-12,04,03,15,45,38,25,+,28,03,04,15,25,38,45,+,28
017095,2017-08-15,04,20,07,03,19,23,+,27,03,04,07,19,20,23,+,27
017096,2017-08-17,44,05,21,29,24,43,+,42,05,21,24,29,43,44,+,42
017097,2017-08-19,34,02,32,43,45,23,+,22,02,23,32,34,43,45,+,22
017098,2017-08-22,04,33,23,40,43,24,+,15,04,23,24,33,40,43,+,15
017099,2017-08-24,04,47,21,10,07,28,+,17,04,07,10,21,28,47,+,17
017100,2017-08-26,34,36,35,16,46,40,+,31,16,34,35,36,40,46,+,31
017101,2017-08-29,12,34,24,26,48,44,+,04,12,24,26,34,44,48,+,04
017102,2017-08-31,17,37,33,12,25,18,+,29,12,17,18,25,33,37,+,29
017103,2017-09-02,05,27,01,24,11,23,+,15,01,05,11,23,24,27,+,15
017104,2017-09-05,30,08,01,02,43,39,+,19,01,02,08,30,39,43,+,19
017105,2017-09-07,46,27,41,10,19,29,+,17,10,19,27,29,41,46,+,17
017106,2017-09-09,04,23,39,29,18,07,+,49,04,07,18,23,29,39,+,49
017107,2017-09-12,38,49,30,21,23,44,+,37,21,23,30,38,44,49,+,37
017108,2017-09-14,41,25,42,49,26,34,+,01,25,26,34,41,42,49,+,01
017109,2017-09-17,23,36,16,47,03,12,+,33,03,12,16,23,36,47,+,33
017110,2017-09-19,11,34,07,12,36,30,+,17,07,11,12,30,34,36,+,17
017111,2017-09-21,39,01,04,32,05,03,+,10,01,03,04,05,32,39,+,10
017112,2017-09-23,25,22,36,01,30,13,+,04,01,13,22,25,30,36,+,04
017113,2017-09-26,02,31,27,33,19,10,+,16,02,10,19,27,31,33,+,16
017114,2017-09-28,07,24,26,45,39,18,+,44,07,18,24,26,39,45,+,44
017115,2017-09-30,11,19,49,20,02,33,+,06,02,11,19,20,33,49,+,06
017116,2017-10-02,46,08,22,35,19,01,+,30,01,08,19,22,35,46,+,30
017117,2017-10-04,22,23,46,10,26,16,+,25,10,16,22,23,26,46,+,25
017118,2017-10-07,45,48,03,38,06,24,+,05,03,06,24,38,45,48,+,05
017119,2017-10-10,22,26,06,17,45,32,+,24,06,17,22,26,32,45,+,24
017120,2017-10-12,06,16,11,01,08,12,+,41,01,06,08,11,12,16,+,41
017121,2017-10-17,02,30,04,35,47,19,+,25,02,04,19,30,35,47,+,25
017122,2017-10-19,24,49,28,19,12,08,+,37,08,12,19,24,28,49,+,37
017123,2017-10-21,43,08,45,30,18,16,+,27,08,16,18,30,43,45,+,27
017124,2017-10-24,16,09,29,08,01,42,+,49,01,08,09,16,29,42,+,49
017125,2017-10-26,38,04,29,35,20,05,+,36,04,05,20,29,35,38,+,36
017126,2017-10-28,16,18,07,44,26,22,+,09,07,16,18,22,26,44,+,09
017127,2017-10-31,49,21,26,35,45,29,+,41,21,26,29,35,45,49,+,41
017128,2017-11-02,20,40,05,32,36,18,+,07,05,18,20,32,36,40,+,07
017129,2017-11-04,32,30,23,33,43,44,+,28,23,30,32,33,43,44,+,28
017130,2017-11-07,19,40,35,18,03,38,+,48,03,18,19,35,38,40,+,48
017131,2017-11-09,46,32,49,03,36,48,+,29,03,32,36,46,48,49,+,29
017132,2017-11-12,28,37,22,16,12,36,+,45,12,16,22,28,36,37,+,45
017133,2017-11-14,28,01,20,33,43,15,+,18,01,15,20,28,33,43,+,18
017134,2017-11-16,34,46,40,20,08,03,+,24,03,08,20,34,40,46,+,24
017135,2017-11-18,26,24,30,19,41,36,+,43,19,24,26,30,36,41,+,43
017136,2017-11-21,08,36,43,35,27,30,+,31,08,27,30,35,36,43,+,31
017137,2017-11-23,04,37,42,39,30,03,+,32,03,04,30,37,39,42,+,32
017138,2017-11-25,05,28,16,40,13,41,+,02,05,13,16,28,40,41,+,02
017139,2017-11-28,09,23,06,40,36,08,+,19,06,08,09,23,36,40,+,19
017140,2017-11-30,10,38,47,04,32,35,+,49,04,10,32,35,38,47,+,49
017141,2017-12-02,27,14,38,07,19,28,+,46,07,14,19,27,28,38,+,46
017142,2017-12-05,20,44,09,14,18,07,+,29,07,09,14,18,20,44,+,29
017143,2017-12-07,25,39,47,37,34,01,+,18,01,25,34,37,39,47,+,18
017144,2017-12-09,22,48,38,24,35,29,+,30,22,24,29,35,38,48,+,30
017145,2017-12-12,48,38,15,29,34,04,+,30,04,15,29,34,38,48,+,30
017146,2017-12-14,07,34,10,35,25,20,+,08,07,10,20,25,34,35,+,08
017147,2017-12-16,24,06,03,28,09,01,+,36,01,03,06,09,24,28,+,36
017148,2017-12-19,44,49,38,33,09,03,+,24,03,09,33,38,44,49,+,24
017149,2017-12-21,47,30,21,28,14,22,+,03,14,21,22,28,30,47,+,03
017150,2017-12-24,34,39,47,01,16,26,+,11,01,16,26,34,39,47,+,11
017151,2017-12-26,37,02,07,30,16,28,+,12,02,07,16,28,30,37,+,12
017152,2017-12-28,46,15,40,44,17,23,+,11,15,17,23,40,44,46,+,11
017153,2017-12-30,13,01,25,38,36,22,+,37,01,13,22,25,36,38,+,37
018001,2018-01-02,28,42,18,39,12,35,+,36,12,18,28,35,39,42,+,36
018002,2018-01-06,01,36,31,49,12,21,+,23,01,12,21,31,36,49,+,23
018003,2018-01-11,47,49,31,29,03,43,+,19,03,29,31,43,47,49,+,19
018004,2018-01-16,27,37,02,36,21,30,+,04,02,21,27,30,36,37,+,04
018005,2018-01-20,05,23,27,24,02,34,+,08,02,05,23,24,27,34,+,08
018006,2018-01-23,41,27,32,37,20,03,+,44,03,20,27,32,37,41,+,44
018007,2018-01-25,47,14,40,03,36,23,+,20,03,14,23,36,40,47,+,20
018008,2018-01-27,45,26,17,43,33,08,+,40,08,17,26,33,43,45,+,40
018009,2018-01-30,40,04,07,11,49,12,+,25,04,07,11,12,40,49,+,25
018010,2018-02-01,47,20,23,49,26,29,+,39,20,23,26,29,47,49,+,39
018011,2018-02-03,49,12,04,25,02,40,+,08,02,04,12,25,40,49,+,08
018012,2018-02-06,28,35,03,48,26,19,+,32,03,19,26,28,35,48,+,32
018013,2018-02-08,13,37,28,22,16,41,+,34,13,16,22,28,37,41,+,34
018014,2018-02-11,33,09,45,01,02,27,+,38,01,02,09,27,33,45,+,38
018015,2018-02-13,42,27,09,32,18,02,+,12,02,09,18,27,32,42,+,12
018016,2018-02-15,43,32,21,45,01,19,+,34,01,19,21,32,43,45,+,34
018017,2018-02-20,44,03,42,05,25,43,+,02,03,05,25,42,43,44,+,02
018018,2018-02-22,12,04,39,20,19,30,+,05,04,12,19,20,30,39,+,05
018019,2018-02-24,45,34,17,42,20,38,+,05,17,20,34,38,42,45,+,05
018020,2018-02-27,43,31,24,13,28,41,+,16,13,24,28,31,41,43,+,16
018021,2018-03-01,29,18,17,15,14,02,+,01,02,14,15,17,18,29,+,01
018022,2018-03-04,28,11,06,10,43,23,+,21,06,10,11,23,28,43,+,21
018023,2018-03-06,37,17,19,11,35,02,+,20,02,11,17,19,35,37,+,20
018024,2018-03-08,06,48,44,43,01,30,+,07,01,06,30,43,44,48,+,07
018025,2018-03-10,18,26,19,07,39,27,+,02,07,18,19,26,27,39,+,02
018026,2018-03-13,34,16,25,20,42,05,+,02,05,16,20,25,34,42,+,02
018027,2018-03-15,35,25,16,38,13,49,+,33,13,16,25,35,38,49,+,33
018028,2018-03-17,33,06,47,40,04,23,+,30,04,06,23,33,40,47,+,30
018029,2018-03-20,22,42,03,29,45,27,+,10,03,22,27,29,42,45,+,10
018030,2018-03-22,18,46,21,10,33,29,+,36,10,18,21,29,33,46,+,36
018031,2018-03-24,12,23,45,19,28,35,+,06,12,19,23,28,35,45,+,06
018032,2018-03-29,05,24,30,27,47,12,+,43,05,12,24,27,30,47,+,43
018033,2018-03-31,16,13,19,18,09,34,+,21,09,13,16,18,19,34,+,21
018034,2018-04-03,41,49,31,46,21,29,+,36,21,29,31,41,46,49,+,36
018035,2018-04-05,39,19,40,24,29,42,+,30,19,24,29,39,40,42,+,30
018036,2018-04-07,31,04,20,23,43,27,+,03,04,20,23,27,31,43,+,03
018037,2018-04-10,15,43,48,34,01,23,+,25,01,15,23,34,43,48,+,25
018038,2018-04-12,01,11,41,37,02,09,+,18,01,02,09,11,37,41,+,18
018039,2018-04-14,40,12,14,36,38,15,+,42,12,14,15,36,38,40,+,42
018040,2018-04-17,08,03,16,22,32,28,+,24,03,08,16,22,28,32,+,24
018041,2018-04-19,49,33,20,40,45,21,+,43,20,21,33,40,45,49,+,43
018042,2018-04-22,44,28,10,14,30,42,+,35,10,14,28,30,42,44,+,35
018043,2018-04-24,33,21,41,20,12,28,+,09,12,20,21,28,33,41,+,09
018044,2018-04-26,20,45,08,35,12,33,+,42,08,12,20,33,35,45,+,42
018045,2018-04-28,21,18,15,17,02,44,+,14,02,15,17,18,21,44,+,14
018046,2018-05-01,21,25,20,10,01,05,+,43,01,05,10,20,21,25,+,43
018047,2018-05-03,31,12,34,32,24,30,+,41,12,24,30,31,32,34,+,41
018048,2018-05-05,24,44,45,03,40,49,+,08,03,24,40,44,45,49,+,08
018049,2018-05-08,31,18,28,03,40,14,+,38,03,14,18,28,31,40,+,38
018050,2018-05-10,12,19,31,49,36,25,+,11,12,19,25,31,36,49,+,11
018051,2018-05-13,19,09,21,06,23,01,+,43,01,06,09,19,21,23,+,43
018052,2018-05-15,09,44,08,05,19,32,+,39,05,08,09,19,32,44,+,39
018053,2018-05-17,23,03,30,16,43,46,+,26,03,16,23,30,43,46,+,26
018054,2018-05-19,36,29,37,23,47,14,+,25,14,23,29,36,37,47,+,25
018055,2018-05-22,31,22,12,33,07,14,+,38,07,12,14,22,31,33,+,38
018056,2018-05-24,07,13,11,05,04,12,+,18,04,05,07,11,12,13,+,18
018057,2018-05-26,12,01,44,22,42,40,+,28,01,12,22,40,42,44,+,28
018058,2018-05-29,22,11,45,03,06,46,+,01,03,06,11,22,45,46,+,01
018059,2018-05-31,40,28,33,49,05,03,+,32,03,05,28,33,40,49,+,32
018060,2018-06-02,15,33,30,04,38,41,+,16,04,15,30,33,38,41,+,16
018061,2018-06-05,24,34,45,06,40,10,+,09,06,10,24,34,40,45,+,09
018062,2018-06-07,43,32,38,05,36,34,+,25,05,32,34,36,38,43,+,25
018063,2018-06-09,41,49,35,23,46,11,+,47,11,23,35,41,46,49,+,47
018064,2018-06-12,31,30,40,42,34,41,+,33,30,31,34,40,41,42,+,33
018065,2018-06-14,02,10,24,35,39,28,+,27,02,10,24,28,35,39,+,27
018066,2018-06-17,48,20,01,07,21,35,+,22,01,07,20,21,35,48,+,22
018067,2018-06-19,07,42,02,31,21,33,+,24,02,07,21,31,33,42,+,24
018068,2018-06-21,33,16,31,24,23,34,+,18,16,23,24,31,33,34,+,18
018069,2018-06-23,16,46,18,02,09,24,+,47,02,09,16,18,24,46,+,47
018070,2018-06-26,08,17,07,42,12,33,+,26,07,08,12,17,33,42,+,26
018071,2018-06-28,06,45,38,29,23,13,+,41,06,13,23,29,38,45,+,41
018072,2018-06-30,16,06,05,30,18,32,+,27,05,06,16,18,30,32,+,27
018073,2018-07-03,22,49,03,45,21,41,+,10,03,21,22,41,45,49,+,10
018074,2018-07-05,34,40,13,01,38,20,+,29,01,13,20,34,38,40,+,29
018075,2018-07-07,08,40,26,46,20,17,+,19,08,17,20,26,40,46,+,19
018076,2018-07-10,08,49,06,41,29,38,+,02,06,08,29,38,41,49,+,02
018077,2018-07-12,05,08,01,07,30,33,+,22,01,05,07,08,30,33,+,22
018078,2018-07-14,33,13,07,36,22,27,+,45,07,13,22,27,33,36,+,45
018079,2018-07-17,41,06,36,48,10,32,+,47,06,10,32,36,41,48,+,47
018080,2018-07-19,25,42,12,16,23,40,+,20,12,16,23,25,40,42,+,20
018081,2018-07-21,37,14,15,13,44,38,+,40,13,14,15,37,38,44,+,40
018082,2018-07-24,37,32,17,27,16,02,+,12,02,16,17,27,32,37,+,12
018083,2018-07-26,37,46,49,32,44,22,+,38,22,32,37,44,46,49,+,38
018084,2018-07-28,43,11,07,26,05,30,+,17,05,07,11,26,30,43,+,17
018085,2018-07-31,36,43,46,24,27,44,+,30,24,27,36,43,44,46,+,30
018086,2018-08-02,05,11,35,34,45,03,+,28,03,05,11,34,35,45,+,28
018087,2018-08-04,37,34,04,23,15,48,+,30,04,15,23,34,37,48,+,30
018088,2018-08-07,21,46,47,04,39,25,+,12,04,21,25,39,46,47,+,12
018089,2018-08-09,10,08,34,11,20,21,+,13,08,10,11,20,21,34,+,13
018090,2018-08-11,49,47,11,01,25,38,+,37,01,11,25,38,47,49,+,37
018091,2018-08-14,38,49,37,32,43,42,+,24,32,37,38,42,43,49,+,24
018092,2018-08-16,41,27,09,29,16,13,+,37,09,13,16,27,29,41,+,37
018093,2018-08-18,02,47,14,42,37,24,+,20,02,14,24,37,42,47,+,20
018094,2018-08-21,40,03,10,47,28,18,+,04,03,10,18,28,40,47,+,04
018095,2018-08-23,14,38,12,30,22,44,+,34,12,14,22,30,38,44,+,34
018096,2018-08-25,04,03,48,28,31,19,+,27,03,04,19,28,31,48,+,27
018097,2018-08-28,26,46,18,30,36,09,+,02,09,18,26,30,36,46,+,02
018098,2018-08-30,44,23,21,15,04,46,+,13,04,15,21,23,44,46,+,13
018099,2018-09-01,10,20,45,35,26,13,+,37,10,13,20,26,35,45,+,37
018100,2018-09-04,44,05,36,47,04,33,+,13,04,05,33,36,44,47,+,13
018101,2018-09-06,30,49,26,38,17,33,+,47,17,26,30,33,38,49,+,47
018102,2018-09-08,41,46,07,09,12,18,+,33,07,09,12,18,41,46,+,33
018103,2018-09-11,38,45,47,31,49,36,+,37,31,36,38,45,47,49,+,37
018104,2018-09-13,14,20,41,39,22,48,+,35,14,20,22,39,41,48,+,35
018105,2018-09-15,06,04,48,11,37,33,+,41,04,06,11,33,37,48,+,41
018106,2018-09-18,11,18,32,23,48,09,+,26,09,11,18,23,32,48,+,26